label,left_eyebrow_length,right_eyebrow_length,lip_width,lip_height,left_eye_height,right_eye_height,left_eye_width,right_eye_width
anger,0.35269709543568467,0.3900414937759336,0.38589211618257263,0.08713692946058091,0.04564315352697095,0.04149377593360996,0.1991701244813278,0.2033195020746888
anger,0.38721804511278196,0.34962406015037595,0.3383458646616541,0.07894736842105263,0.05263157894736842,0.05263157894736842,0.18045112781954886,0.17669172932330826
anger,0.3438735177865613,0.36363636363636365,0.35968379446640314,0.07114624505928854,0.043478260869565216,0.043478260869565216,0.18181818181818182,0.18181818181818182
anger,0.36318407960199006,0.3681592039800995,0.373134328358209,0.1044776119402985,0.05970149253731343,0.05970149253731343,0.19402985074626866,0.1890547263681592
anger,0.37,0.345,0.355,0.07,0.035,0.04,0.18,0.18
anger,0.33513513513513515,0.3675675675675676,0.3783783783783784,0.11351351351351352,0.04864864864864865,0.04864864864864865,0.1783783783783784,0.1783783783783784
anger,0.3193717277486911,0.34554973821989526,0.2931937172774869,0.07853403141361257,0.041884816753926704,0.03664921465968586,0.16753926701570682,0.17277486910994763
anger,0.34574468085106386,0.324468085106383,0.28191489361702127,0.10638297872340426,0.05319148936170213,0.05319148936170213,0.1702127659574468,0.17553191489361702
anger,0.36097560975609755,0.3463414634146341,0.3902439024390244,0.1024390243902439,0.03414634146341464,0.03414634146341464,0.16585365853658537,0.16585365853658537
anger,0.3709677419354839,0.3602150537634409,0.41935483870967744,0.10752688172043011,0.03225806451612903,0.03763440860215054,0.1827956989247312,0.1881720430107527
anger,0.3954802259887006,0.3502824858757062,0.3389830508474576,0.11299435028248588,0.03954802259887006,0.04519774011299435,0.1694915254237288,0.1694915254237288
anger,0.35323383084577115,0.3681592039800995,0.3034825870646766,0.06965174129353234,0.03482587064676617,0.03482587064676617,0.16417910447761194,0.1691542288557214
anger,0.3224043715846995,0.3333333333333333,0.3770491803278688,0.1092896174863388,0.04918032786885246,0.04371584699453552,0.18032786885245902,0.16939890710382513
anger,0.37185929648241206,0.39195979899497485,0.35175879396984927,0.1306532663316583,0.05527638190954774,0.06030150753768844,0.17587939698492464,0.18090452261306533
anger,0.3559322033898305,0.3389830508474576,0.3686440677966102,0.1440677966101695,0.05508474576271186,0.059322033898305086,0.18220338983050846,0.1864406779661017
anger,0.358974358974359,0.37362637362637363,0.38095238095238093,0.12454212454212454,0.03663003663003663,0.03296703296703297,0.17582417582417584,0.17582417582417584
anger,0.3656387665198238,0.3303964757709251,0.36123348017621143,0.07929515418502203,0.06167400881057269,0.06167400881057269,0.16740088105726872,0.16740088105726872
anger,0.3333333333333333,0.36324786324786323,0.2948717948717949,0.10256410256410256,0.04700854700854701,0.042735042735042736,0.17094017094017094,0.16666666666666666
anger,0.37719298245614036,0.33771929824561403,0.34649122807017546,0.12280701754385964,0.06140350877192982,0.06140350877192982,0.18859649122807018,0.18421052631578946
anger,0.3562231759656652,0.38197424892703863,0.3605150214592275,0.09012875536480687,0.07296137339055794,0.07296137339055794,0.1888412017167382,0.1888412017167382
anger,0.3360323886639676,0.3360323886639676,0.3481781376518219,0.11740890688259109,0.032388663967611336,0.03643724696356275,0.1700404858299595,0.17813765182186234
anger,0.3537117903930131,0.35807860262008734,0.34497816593886466,0.05240174672489083,0.039301310043668124,0.034934497816593885,0.17467248908296942,0.17467248908296942
anger,0.36796536796536794,0.33766233766233766,0.354978354978355,0.07792207792207792,0.05627705627705628,0.05194805194805195,0.1774891774891775,0.1774891774891775
anger,0.33624454148471616,0.3624454148471616,0.4104803493449782,0.18777292576419213,0.06550218340611354,0.06550218340611354,0.1965065502183406,0.1965065502183406
anger,0.314410480349345,0.34497816593886466,0.34934497816593885,0.16593886462882096,0.06986899563318777,0.06986899563318777,0.17903930131004367,0.18777292576419213
anger,0.3745173745173745,0.3281853281853282,0.35135135135135137,0.15057915057915058,0.06177606177606178,0.06177606177606178,0.18532818532818532,0.18146718146718147
anger,0.34051724137931033,0.3017241379310345,0.35344827586206895,0.08189655172413793,0.06896551724137931,0.06896551724137931,0.1896551724137931,0.1853448275862069
anger,0.3438914027149321,0.33031674208144796,0.38009049773755654,0.09502262443438914,0.05429864253393665,0.049773755656108594,0.18552036199095023,0.18552036199095023
anger,0.35526315789473684,0.34649122807017546,0.32894736842105265,0.15350877192982457,0.04824561403508772,0.04824561403508772,0.17982456140350878,0.17982456140350878
anger,0.34854771784232363,0.35684647302904565,0.42323651452282157,0.15767634854771784,0.05394190871369295,0.058091286307053944,0.18672199170124482,0.18672199170124482
anger,0.35526315789473684,0.35964912280701755,0.31140350877192985,0.13596491228070176,0.06140350877192982,0.06140350877192982,0.18421052631578946,0.18421052631578946
anger,0.3617021276595745,0.3191489361702128,0.31063829787234043,0.11914893617021277,0.0425531914893617,0.0425531914893617,0.1702127659574468,0.16595744680851063
anger,0.3305785123966942,0.3512396694214876,0.3181818181818182,0.1322314049586777,0.03305785123966942,0.03305785123966942,0.17768595041322313,0.1859504132231405
anger,0.4,0.35833333333333334,0.37083333333333335,0.125,0.029166666666666667,0.029166666666666667,0.17916666666666667,0.17083333333333334
anger,0.3470319634703196,0.3789954337899543,0.3424657534246575,0.091324200913242,0.045662100456621,0.0502283105022831,0.182648401826484,0.1872146118721461
anger,0.3424657534246575,0.3607305936073059,0.3105022831050228,0.1050228310502283,0.0228310502283105,0.0273972602739726,0.1643835616438356,0.1689497716894977
anger,0.3448275862068966,0.33620689655172414,0.3146551724137931,0.08189655172413793,0.04310344827586207,0.04310344827586207,0.1724137931034483,0.16810344827586207
anger,0.3514644351464435,0.35564853556485354,0.3179916317991632,0.1589958158995816,0.058577405857740586,0.05439330543933055,0.1799163179916318,0.17573221757322174
anger,0.3547008547008547,0.358974358974359,0.3247863247863248,0.11965811965811966,0.02564102564102564,0.029914529914529916,0.16666666666666666,0.17094017094017094
anger,0.3277310924369748,0.35294117647058826,0.3067226890756303,0.15546218487394958,0.05042016806722689,0.05042016806722689,0.16806722689075632,0.18067226890756302
anger,0.3411764705882353,0.3411764705882353,0.34901960784313724,0.13725490196078433,0.058823529411764705,0.058823529411764705,0.17254901960784313,0.17647058823529413
anger,0.319634703196347,0.3333333333333333,0.4155251141552511,0.1689497716894977,0.0502283105022831,0.0502283105022831,0.182648401826484,0.1780821917808219
anger,0.3039647577092511,0.36123348017621143,0.43171806167400884,0.2422907488986784,0.05726872246696035,0.06167400881057269,0.17180616740088106,0.18502202643171806
anger,0.3347826086956522,0.3565217391304348,0.34782608695652173,0.14782608695652175,0.05217391304347826,0.05652173913043478,0.1826086956521739,0.18695652173913044
anger,0.30578512396694213,0.30165289256198347,0.33884297520661155,0.11570247933884298,0.045454545454545456,0.045454545454545456,0.17768595041322313,0.18181818181818182
anger,0.34146341463414637,0.33739837398373984,0.34552845528455284,0.07317073170731707,0.04878048780487805,0.04878048780487805,0.17886178861788618,0.18699186991869918
anger,0.3469387755102041,0.3510204081632653,0.2979591836734694,0.23673469387755103,0.061224489795918366,0.05714285714285714,0.17142857142857143,0.17551020408163265
anger,0.3688888888888889,0.3466666666666667,0.3244444444444444,0.08888888888888889,0.044444444444444446,0.044444444444444446,0.16,0.16
anger,0.3584070796460177,0.3495575221238938,0.4690265486725664,0.21238938053097345,0.02654867256637168,0.030973451327433628,0.18141592920353983,0.18141592920353983
anger,0.3953488372093023,0.3395348837209302,0.34418604651162793,0.08372093023255814,0.05581395348837209,0.05581395348837209,0.1813953488372093,0.1813953488372093
anger,0.3516949152542373,0.3728813559322034,0.3813559322033898,0.09745762711864407,0.046610169491525424,0.05084745762711865,0.18220338983050846,0.18220338983050846
anger,0.3237704918032787,0.3524590163934426,0.3114754098360656,0.06967213114754098,0.028688524590163935,0.03278688524590164,0.1557377049180328,0.16393442622950818
anger,0.3705179282868526,0.3745019920318725,0.3466135458167331,0.05976095617529881,0.05179282868525897,0.05179282868525897,0.16733067729083664,0.16733067729083664
anger,0.3116883116883117,0.36796536796536794,0.3246753246753247,0.18181818181818182,0.0735930735930736,0.0735930735930736,0.1774891774891775,0.19047619047619047
anger,0.3944954128440367,0.38073394495412843,0.37155963302752293,0.11009174311926606,0.013761467889908258,0.013761467889908258,0.18807339449541285,0.18807339449541285
anger,0.3305785123966942,0.34710743801652894,0.32644628099173556,0.06198347107438017,0.05785123966942149,0.05371900826446281,0.16942148760330578,0.17355371900826447
anger,0.3593073593073593,0.3333333333333333,0.3116883116883117,0.22943722943722944,0.04329004329004329,0.03896103896103896,0.1774891774891775,0.1774891774891775
anger,0.3542600896860987,0.34080717488789236,0.3452914798206278,0.06726457399103139,0.02242152466367713,0.02242152466367713,0.16591928251121077,0.16591928251121077
anger,0.351931330472103,0.3776824034334764,0.3218884120171674,0.11158798283261803,0.034334763948497854,0.03862660944206009,0.1630901287553648,0.1759656652360515
anger,0.34177215189873417,0.350210970464135,0.35864978902953587,0.16033755274261605,0.06329113924050633,0.05485232067510549,0.19831223628691982,0.1940928270042194
anger,0.3284313725490196,0.35784313725490197,0.3480392156862745,0.18137254901960784,0.05392156862745098,0.05392156862745098,0.18137254901960784,0.18627450980392157
anger,0.3497536945812808,0.3497536945812808,0.3448275862068966,0.12807881773399016,0.04433497536945813,0.03940886699507389,0.18226600985221675,0.18226600985221675
anger,0.33760683760683763,0.36752136752136755,0.33760683760683763,0.10683760683760683,0.05128205128205128,0.05555555555555555,0.1794871794871795,0.18376068376068377
anger,0.31981981981981983,0.33783783783783783,0.33783783783783783,0.1036036036036036,0.02252252252252252,0.02252252252252252,0.16666666666666666,0.16666666666666666
anger,0.3684210526315789,0.3253588516746411,0.3349282296650718,0.06698564593301436,0.04784688995215311,0.04784688995215311,0.18181818181818182,0.1722488038277512
anger,0.36123348017621143,0.3524229074889868,0.3832599118942731,0.07048458149779736,0.039647577092511016,0.04405286343612335,0.17180616740088106,0.18061674008810572
anger,0.36492890995260663,0.3459715639810427,0.3886255924170616,0.12796208530805686,0.06635071090047394,0.061611374407582936,0.18009478672985782,0.17535545023696683
anger,0.3617021276595745,0.3148936170212766,0.3021276595744681,0.05531914893617021,0.06382978723404255,0.06382978723404255,0.1829787234042553,0.17872340425531916
anger,0.3292181069958848,0.2880658436213992,0.4156378600823045,0.18518518518518517,0.05761316872427984,0.05761316872427984,0.18930041152263374,0.18518518518518517
anger,0.33035714285714285,0.3392857142857143,0.3392857142857143,0.26785714285714285,0.07142857142857142,0.06696428571428571,0.18303571428571427,0.1875
disgust,0.3541666666666667,0.3875,0.375,0.25,0.0375,0.0375,0.19583333333333333,0.2
disgust,0.3684210526315789,0.3609022556390977,0.34962406015037595,0.17669172932330826,0.03759398496240601,0.03383458646616541,0.17669172932330826,0.17293233082706766
disgust,0.34782608695652173,0.34782608695652173,0.36363636363636365,0.09486166007905138,0.043478260869565216,0.043478260869565216,0.1857707509881423,0.1857707509881423
disgust,0.3564356435643564,0.35148514851485146,0.37623762376237624,0.13366336633663367,0.034653465346534656,0.034653465346534656,0.18316831683168316,0.18316831683168316
disgust,0.35175879396984927,0.34673366834170855,0.35175879396984927,0.135678391959799,0.02512562814070352,0.02512562814070352,0.18592964824120603,0.18592964824120603
disgust,0.31891891891891894,0.35135135135135137,0.4,0.1783783783783784,0.032432432432432434,0.032432432432432434,0.16756756756756758,0.1783783783783784
disgust,0.3177083333333333,0.3489583333333333,0.3229166666666667,0.078125,0.036458333333333336,0.03125,0.16145833333333334,0.16666666666666666
disgust,0.32642487046632124,0.32124352331606215,0.3160621761658031,0.09326424870466321,0.031088082901554404,0.031088082901554404,0.16580310880829016,0.16580310880829016
disgust,0.3235294117647059,0.3333333333333333,0.29411764705882354,0.15196078431372548,0.029411764705882353,0.03431372549019608,0.1568627450980392,0.16666666666666666
disgust,0.3567567567567568,0.3621621621621622,0.4,0.14054054054054055,0.02702702702702703,0.02702702702702703,0.1783783783783784,0.1891891891891892
disgust,0.3693181818181818,0.32386363636363635,0.3181818181818182,0.1534090909090909,0.03409090909090909,0.03409090909090909,0.16477272727272727,0.1590909090909091
disgust,0.35148514851485146,0.3910891089108911,0.3217821782178218,0.12871287128712872,0.01485148514851485,0.01485148514851485,0.15841584158415842,0.16831683168316833
disgust,0.3604060913705584,0.38578680203045684,0.3096446700507614,0.1116751269035533,0.050761421319796954,0.050761421319796954,0.17258883248730963,0.17258883248730963
disgust,0.3407079646017699,0.3141592920353982,0.3495575221238938,0.13274336283185842,0.05309734513274336,0.048672566371681415,0.17256637168141592,0.17256637168141592
disgust,0.3577586206896552,0.3448275862068966,0.3706896551724138,0.1206896551724138,0.04741379310344827,0.03879310344827586,0.1810344827586207,0.16810344827586207
disgust,0.3218884120171674,0.33905579399141633,0.3261802575107296,0.11587982832618025,0.04291845493562232,0.034334763948497854,0.16738197424892703,0.1630901287553648
disgust,0.34024896265560167,0.3153526970954357,0.34439834024896265,0.08713692946058091,0.02074688796680498,0.02074688796680498,0.15767634854771784,0.15767634854771784
disgust,0.3442622950819672,0.3360655737704918,0.3729508196721312,0.14344262295081966,0.02459016393442623,0.028688524590163935,0.1762295081967213,0.1721311475409836
disgust,0.34051724137931033,0.3448275862068966,0.3017241379310345,0.1206896551724138,0.06896551724137931,0.06896551724137931,0.1810344827586207,0.1810344827586207
disgust,0.34934497816593885,0.36681222707423583,0.3930131004366812,0.14410480349344978,0.034934497816593885,0.034934497816593885,0.18340611353711792,0.18340611353711792
disgust,0.34347826086956523,0.3521739130434783,0.3565217391304348,0.10869565217391304,0.034782608695652174,0.0391304347826087,0.17391304347826086,0.1826086956521739
disgust,0.3730769230769231,0.3346153846153846,0.3269230769230769,0.14615384615384616,0.046153846153846156,0.05,0.17692307692307693,0.17307692307692307
disgust,0.33905579399141633,0.30042918454935624,0.3562231759656652,0.1072961373390558,0.04291845493562232,0.04291845493562232,0.19313304721030042,0.18454935622317598
disgust,0.3302752293577982,0.3302752293577982,0.3577981651376147,0.12385321100917432,0.05045871559633028,0.045871559633027525,0.1834862385321101,0.1834862385321101
disgust,0.36444444444444446,0.3466666666666667,0.41333333333333333,0.16444444444444445,0.04,0.04,0.18222222222222223,0.17777777777777778
disgust,0.3445378151260504,0.36134453781512604,0.3025210084033613,0.11764705882352941,0.01680672268907563,0.01680672268907563,0.18067226890756302,0.18067226890756302
disgust,0.3605150214592275,0.33047210300429186,0.31759656652360513,0.12446351931330472,0.04291845493562232,0.04721030042918455,0.1759656652360515,0.1759656652360515
disgust,0.341991341991342,0.341991341991342,0.4025974025974026,0.18181818181818182,0.04329004329004329,0.03896103896103896,0.17316017316017315,0.1774891774891775
disgust,0.3346938775510204,0.3306122448979592,0.4122448979591837,0.12653061224489795,0.02857142857142857,0.02857142857142857,0.16326530612244897,0.15918367346938775
disgust,0.326271186440678,0.3135593220338983,0.3220338983050847,0.1059322033898305,0.03389830508474576,0.03389830508474576,0.1694915254237288,0.17372881355932204
disgust,0.34024896265560167,0.3651452282157676,0.34439834024896265,0.0954356846473029,0.02074688796680498,0.02074688796680498,0.16597510373443983,0.17012448132780084
disgust,0.354978354978355,0.3463203463203463,0.41125541125541126,0.19047619047619047,0.030303030303030304,0.03896103896103896,0.18181818181818182,0.18181818181818182
disgust,0.3925619834710744,0.34297520661157027,0.3512396694214876,0.13636363636363635,0.0371900826446281,0.028925619834710745,0.18181818181818182,0.17355371900826447
disgust,0.3607843137254902,0.37254901960784315,0.3411764705882353,0.050980392156862744,0.047058823529411764,0.050980392156862744,0.17647058823529413,0.1803921568627451
disgust,0.3177966101694915,0.3050847457627119,0.4322033898305085,0.17372881355932204,0.07203389830508475,0.06779661016949153,0.18220338983050846,0.17796610169491525
disgust,0.3080357142857143,0.33035714285714285,0.42410714285714285,0.16964285714285715,0.05803571428571429,0.05803571428571429,0.1875,0.19196428571428573
disgust,0.3063063063063063,0.31981981981981983,0.34234234234234234,0.09009009009009009,0.036036036036036036,0.036036036036036036,0.17567567567567569,0.18018018018018017
disgust,0.2719298245614035,0.33771929824561403,0.39035087719298245,0.16228070175438597,0.06140350877192982,0.05701754385964912,0.17105263157894737,0.18421052631578946
disgust,0.3537117903930131,0.35807860262008734,0.35807860262008734,0.16593886462882096,0.048034934497816595,0.048034934497816595,0.18777292576419213,0.18777292576419213
disgust,0.3008130081300813,0.3252032520325203,0.3252032520325203,0.1016260162601626,0.02032520325203252,0.016260162601626018,0.16666666666666666,0.17886178861788618
disgust,0.3603238866396761,0.3643724696356275,0.3441295546558704,0.08097165991902834,0.020242914979757085,0.020242914979757085,0.1700404858299595,0.17408906882591094
disgust,0.3466666666666667,0.3377777777777778,0.30666666666666664,0.12444444444444444,0.044444444444444446,0.04888888888888889,0.16,0.16
disgust,0.35874439461883406,0.3452914798206278,0.3632286995515695,0.11210762331838565,0.04484304932735426,0.04484304932735426,0.18385650224215247,0.18834080717488788
disgust,0.3548387096774194,0.3456221198156682,0.34101382488479265,0.16589861751152074,0.06451612903225806,0.06451612903225806,0.17972350230414746,0.18433179723502305
disgust,0.3686440677966102,0.3686440677966102,0.3559322033898305,0.1440677966101695,0.038135593220338986,0.0423728813559322,0.18220338983050846,0.18220338983050846
disgust,0.3565217391304348,0.36086956521739133,0.3826086956521739,0.1956521739130435,0.06521739130434782,0.06086956521739131,0.18695652173913044,0.18695652173913044
disgust,0.33620689655172414,0.3275862068965517,0.4267241379310345,0.23275862068965517,0.05603448275862069,0.05603448275862069,0.1810344827586207,0.1810344827586207
disgust,0.3206751054852321,0.3628691983122363,0.4430379746835443,0.15611814345991562,0.07172995780590717,0.06751054852320675,0.1940928270042194,0.19831223628691982
disgust,0.3305439330543933,0.30962343096234307,0.41841004184100417,0.16736401673640167,0.05439330543933055,0.05439330543933055,0.16736401673640167,0.16736401673640167
disgust,0.34051724137931033,0.36637931034482757,0.3879310344827586,0.10344827586206896,0.07758620689655173,0.07327586206896551,0.1896551724137931,0.19827586206896552
disgust,0.3605769230769231,0.32211538461538464,0.375,0.08173076923076923,0.0673076923076923,0.0625,0.19230769230769232,0.18269230769230768
disgust,0.3446808510638298,0.30638297872340425,0.37446808510638296,0.10212765957446808,0.07659574468085106,0.07234042553191489,0.18723404255319148,0.1829787234042553
disgust,0.33771929824561403,0.33771929824561403,0.44298245614035087,0.16666666666666666,0.07456140350877193,0.06578947368421052,0.18859649122807018,0.18859649122807018
fear,0.3346938775510204,0.3510204081632653,0.5102040816326531,0.1836734693877551,0.061224489795918366,0.061224489795918366,0.2,0.20408163265306123
fear,0.36466165413533835,0.35714285714285715,0.4473684210526316,0.14661654135338345,0.06390977443609022,0.06015037593984962,0.18045112781954886,0.17669172932330826
fear,0.325,0.345,0.44,0.165,0.065,0.06,0.2,0.195
fear,0.3283582089552239,0.3333333333333333,0.38308457711442784,0.15920398009950248,0.04477611940298507,0.04477611940298507,0.17412935323383086,0.1791044776119403
fear,0.3118279569892473,0.34946236559139787,0.45161290322580644,0.1827956989247312,0.04838709677419355,0.04838709677419355,0.16666666666666666,0.1774193548387097
fear,0.3316062176165803,0.32642487046632124,0.37823834196891193,0.17098445595854922,0.031088082901554404,0.031088082901554404,0.17098445595854922,0.16580310880829016
fear,0.35121951219512193,0.34146341463414637,0.4292682926829268,0.17560975609756097,0.02926829268292683,0.03414634146341464,0.16585365853658537,0.17073170731707318
fear,0.3621621621621622,0.3621621621621622,0.42162162162162165,0.20540540540540542,0.05945945945945946,0.06486486486486487,0.1891891891891892,0.2
fear,0.375,0.32954545454545453,0.4602272727272727,0.18181818181818182,0.045454545454545456,0.05113636363636364,0.17045454545454544,0.17613636363636365
fear,0.31891891891891894,0.34594594594594597,0.4756756756756757,0.15135135135135136,0.05945945945945946,0.04864864864864865,0.17297297297297298,0.1837837837837838
fear,0.32142857142857145,0.3469387755102041,0.4387755102040816,0.1326530612244898,0.0663265306122449,0.0663265306122449,0.17857142857142858,0.1836734693877551
fear,0.35802469135802467,0.3662551440329218,0.48148148148148145,0.17695473251028807,0.06584362139917696,0.06172839506172839,0.17695473251028807,0.18106995884773663
fear,0.3218884120171674,0.34763948497854075,0.41630901287553645,0.15879828326180256,0.05150214592274678,0.04721030042918455,0.17167381974248927,0.1630901287553648
fear,0.34146341463414637,0.33739837398373984,0.46747967479674796,0.15040650406504066,0.04878048780487805,0.052845528455284556,0.17073170731707318,0.17479674796747968
fear,0.33755274261603374,0.3206751054852321,0.35864978902953587,0.11814345991561181,0.046413502109704644,0.046413502109704644,0.18143459915611815,0.17721518987341772
fear,0.2824427480916031,0.3015267175572519,0.40458015267175573,0.15648854961832062,0.07633587786259542,0.07251908396946564,0.183206106870229,0.17938931297709923
fear,0.3087557603686636,0.31797235023041476,0.3870967741935484,0.1336405529953917,0.07834101382488479,0.08294930875576037,0.18433179723502305,0.1889400921658986
fear,0.3482142857142857,0.33035714285714285,0.39285714285714285,0.15178571428571427,0.049107142857142856,0.049107142857142856,0.19196428571428573,0.19642857142857142
fear,0.3391304347826087,0.3652173913043478,0.45652173913043476,0.14782608695652175,0.08260869565217391,0.0782608695652174,0.19130434782608696,0.19130434782608696
fear,0.31336405529953915,0.31336405529953915,0.45161290322580644,0.2488479262672811,0.055299539170506916,0.05069124423963134,0.1935483870967742,0.1889400921658986
fear,0.35526315789473684,0.34210526315789475,0.4692982456140351,0.15789473684210525,0.039473684210526314,0.04824561403508772,0.17543859649122806,0.17543859649122806
fear,0.3463203463203463,0.3463203463203463,0.329004329004329,0.1341991341991342,0.06926406926406926,0.0735930735930736,0.18614718614718614,0.18181818181818182
fear,0.3508771929824561,0.34210526315789475,0.5087719298245614,0.21929824561403508,0.06578947368421052,0.06578947368421052,0.19736842105263158,0.18859649122807018
fear,0.3217391304347826,0.32608695652173914,0.40869565217391307,0.1782608695652174,0.09130434782608696,0.09130434782608696,0.19130434782608696,0.1956521739130435
fear,0.36398467432950193,0.3333333333333333,0.4099616858237548,0.210727969348659,0.06513409961685823,0.06896551724137931,0.18773946360153257,0.1839080459770115
fear,0.34347826086956523,0.30869565217391304,0.34347826086956523,0.12608695652173912,0.06956521739130435,0.06956521739130435,0.1956521739130435,0.18695652173913044
fear,0.334841628959276,0.334841628959276,0.3665158371040724,0.1583710407239819,0.049773755656108594,0.049773755656108594,0.17647058823529413,0.18099547511312217
fear,0.34801762114537443,0.3436123348017621,0.3303964757709251,0.12334801762114538,0.05726872246696035,0.05286343612334802,0.1762114537444934,0.18502202643171806
fear,0.354978354978355,0.329004329004329,0.3333333333333333,0.19480519480519481,0.06493506493506493,0.06060606060606061,0.18614718614718614,0.18181818181818182
fear,0.34497816593886466,0.37117903930131,0.462882096069869,0.17467248908296942,0.039301310043668124,0.039301310043668124,0.17903930131004367,0.17467248908296942
fear,0.34913793103448276,0.3103448275862069,0.39655172413793105,0.16810344827586207,0.05603448275862069,0.05603448275862069,0.1853448275862069,0.17672413793103448
fear,0.31223628691983124,0.34177215189873417,0.45569620253164556,0.10548523206751055,0.06329113924050633,0.06751054852320675,0.16877637130801687,0.1729957805907173
fear,0.3140495867768595,0.3512396694214876,0.3181818181818182,0.11983471074380166,0.05785123966942149,0.05371900826446281,0.16115702479338842,0.1652892561983471
fear,0.34854771784232363,0.3153526970954357,0.45228215767634855,0.18672199170124482,0.03734439834024896,0.03734439834024896,0.17427385892116182,0.16182572614107885
fear,0.3541666666666667,0.3458333333333333,0.35833333333333334,0.175,0.05416666666666667,0.05,0.175,0.17083333333333334
fear,0.3346153846153846,0.31153846153846154,0.3423076923076923,0.1346153846153846,0.07307692307692308,0.07307692307692308,0.18076923076923077,0.17692307692307693
fear,0.3598326359832636,0.3389121338912134,0.4393305439330544,0.14644351464435146,0.02092050209205021,0.02510460251046025,0.17573221757322174,0.17573221757322174
fear,0.3220338983050847,0.3135593220338983,0.3601694915254237,0.1483050847457627,0.0635593220338983,0.0635593220338983,0.17372881355932204,0.17372881355932204
fear,0.3347826086956522,0.3130434782608696,0.32608695652173914,0.22608695652173913,0.06086956521739131,0.06086956521739131,0.18695652173913044,0.1782608695652174
fear,0.31950207468879666,0.3236514522821577,0.4190871369294606,0.16182572614107885,0.04149377593360996,0.04149377593360996,0.16597510373443983,0.16597510373443983
fear,0.308300395256917,0.32806324110671936,0.43478260869565216,0.1422924901185771,0.05533596837944664,0.06324110671936758,0.17786561264822134,0.1857707509881423
fear,0.34782608695652173,0.3217391304347826,0.3391304347826087,0.1826086956521739,0.07391304347826087,0.06956521739130435,0.1826086956521739,0.1826086956521739
fear,0.3008849557522124,0.33185840707964603,0.3185840707964602,0.1504424778761062,0.05752212389380531,0.05752212389380531,0.18584070796460178,0.1902654867256637
fear,0.29910714285714285,0.32589285714285715,0.38839285714285715,0.20982142857142858,0.05357142857142857,0.05357142857142857,0.17857142857142858,0.1875
fear,0.29646017699115046,0.33185840707964603,0.37168141592920356,0.23008849557522124,0.061946902654867256,0.05752212389380531,0.18141592920353983,0.1902654867256637
fear,0.32589285714285715,0.35267857142857145,0.4017857142857143,0.16517857142857142,0.06696428571428571,0.06696428571428571,0.1875,0.19642857142857142
fear,0.3246753246753247,0.3246753246753247,0.37662337662337664,0.19047619047619047,0.06493506493506493,0.06926406926406926,0.19047619047619047,0.19047619047619047
fear,0.3673469387755102,0.35918367346938773,0.49387755102040815,0.11836734693877551,0.053061224489795916,0.053061224489795916,0.17142857142857143,0.17959183673469387
fear,0.3436123348017621,0.32599118942731276,0.29955947136563876,0.13656387665198239,0.06167400881057269,0.06167400881057269,0.17180616740088106,0.16740088105726872
fear,0.37168141592920356,0.3495575221238938,0.3938053097345133,0.0752212389380531,0.03982300884955752,0.03982300884955752,0.18584070796460178,0.17699115044247787
fear,0.3767441860465116,0.3302325581395349,0.48372093023255813,0.13953488372093023,0.05581395348837209,0.05581395348837209,0.18604651162790697,0.18604651162790697
fear,0.3291139240506329,0.3459915611814346,0.34177215189873417,0.24050632911392406,0.06329113924050633,0.06329113924050633,0.17721518987341772,0.18143459915611815
fear,0.345679012345679,0.34156378600823045,0.3292181069958848,0.13580246913580246,0.05761316872427984,0.05761316872427984,0.18106995884773663,0.18106995884773663
fear,0.3568627450980392,0.36470588235294116,0.3764705882352941,0.18823529411764706,0.050980392156862744,0.054901960784313725,0.1607843137254902,0.16470588235294117
fear,0.33992094861660077,0.35177865612648224,0.3359683794466403,0.15810276679841898,0.04743083003952569,0.04743083003952569,0.15810276679841898,0.16205533596837945
fear,0.32340425531914896,0.3276595744680851,0.3404255319148936,0.11914893617021277,0.06808510638297872,0.06382978723404255,0.17446808510638298,0.17446808510638298
fear,0.33043478260869563,0.3391304347826087,0.3826086956521739,0.18695652173913044,0.07391304347826087,0.07391304347826087,0.19130434782608696,0.1956521739130435
fear,0.3577981651376147,0.3486238532110092,0.3532110091743119,0.14220183486238533,0.06880733944954129,0.05963302752293578,0.18807339449541285,0.1926605504587156
fear,0.3515981735159817,0.3470319634703196,0.3242009132420091,0.1917808219178082,0.0684931506849315,0.0639269406392694,0.1872146118721461,0.1872146118721461
fear,0.3155737704918033,0.3360655737704918,0.3729508196721312,0.14344262295081966,0.05737704918032787,0.04918032786885246,0.1721311475409836,0.1680327868852459
fear,0.30991735537190085,0.32231404958677684,0.2892561983471074,0.17768595041322313,0.06611570247933884,0.06198347107438017,0.1652892561983471,0.16942148760330578
fear,0.341991341991342,0.33766233766233766,0.4069264069264069,0.24242424242424243,0.06060606060606061,0.06493506493506493,0.1774891774891775,0.1774891774891775
fear,0.3409090909090909,0.3409090909090909,0.4090909090909091,0.18181818181818182,0.06363636363636363,0.06818181818181818,0.18636363636363637,0.18636363636363637
fear,0.32286995515695066,0.33183856502242154,0.33183856502242154,0.13452914798206278,0.07174887892376682,0.06726457399103139,0.17937219730941703,0.18385650224215247
fear,0.3191489361702128,0.3617021276595745,0.4127659574468085,0.16170212765957448,0.07659574468085106,0.07234042553191489,0.19148936170212766,0.19574468085106383
fear,0.33617021276595743,0.35319148936170214,0.3617021276595745,0.1829787234042553,0.07659574468085106,0.07234042553191489,0.2,0.2
fear,0.33472803347280333,0.30962343096234307,0.3472803347280335,0.16736401673640167,0.058577405857740586,0.05439330543933055,0.17573221757322174,0.17573221757322174
fear,0.336322869955157,0.35874439461883406,0.38565022421524664,0.24663677130044842,0.05829596412556054,0.05829596412556054,0.19730941704035873,0.2062780269058296
fear,0.3169642857142857,0.35267857142857145,0.32589285714285715,0.17857142857142858,0.06696428571428571,0.06696428571428571,0.18303571428571427,0.1875
fear,0.33905579399141633,0.3562231759656652,0.31759656652360513,0.13304721030042918,0.07296137339055794,0.07296137339055794,0.18454935622317598,0.18454935622317598
fear,0.34347826086956523,0.3565217391304348,0.34782608695652173,0.15217391304347827,0.06086956521739131,0.06086956521739131,0.17391304347826086,0.17391304347826086
fear,0.3333333333333333,0.35064935064935066,0.3246753246753247,0.2077922077922078,0.06060606060606061,0.06060606060606061,0.17316017316017315,0.1774891774891775
fear,0.31981981981981983,0.33783783783783783,0.35585585585585583,0.10810810810810811,0.05405405405405406,0.04954954954954955,0.17117117117117117,0.17117117117117117
fear,0.32142857142857145,0.32589285714285715,0.45535714285714285,0.1875,0.03571428571428571,0.03571428571428571,0.16517857142857142,0.16071428571428573
fear,0.32894736842105265,0.35964912280701755,0.3815789473684211,0.15350877192982457,0.05701754385964912,0.05263157894736842,0.17543859649122806,0.18421052631578946
fear,0.3684210526315789,0.36363636363636365,0.3492822966507177,0.2631578947368421,0.06698564593301436,0.06698564593301436,0.17703349282296652,0.18181818181818182
fear,0.350210970464135,0.3080168776371308,0.29957805907172996,0.13924050632911392,0.0759493670886076,0.0759493670886076,0.189873417721519,0.18565400843881857
fear,0.3142857142857143,0.2857142857142857,0.3877551020408163,0.19591836734693877,0.05714285714285714,0.05714285714285714,0.19183673469387755,0.18775510204081633
fear,0.3318777292576419,0.33624454148471616,0.4497816593886463,0.18777292576419213,0.06986899563318777,0.06986899563318777,0.17903930131004367,0.17903930131004367
joy,0.32661290322580644,0.3588709677419355,0.5241935483870968,0.1975806451612903,0.04838709677419355,0.04838709677419355,0.20161290322580644,0.20161290322580644
joy,0.35580524344569286,0.3408239700374532,0.449438202247191,0.149812734082397,0.0449438202247191,0.0449438202247191,0.17228464419475656,0.16853932584269662
joy,0.34962406015037595,0.34210526315789475,0.5,0.17669172932330826,0.03383458646616541,0.03383458646616541,0.17669172932330826,0.16917293233082706
joy,0.3464566929133858,0.35826771653543305,0.44881889763779526,0.13385826771653545,0.03937007874015748,0.03937007874015748,0.18503937007874016,0.1889763779527559
joy,0.3411764705882353,0.33725490196078434,0.5215686274509804,0.17254901960784313,0.0392156862745098,0.03529411764705882,0.18823529411764706,0.1843137254901961
joy,0.35,0.355,0.435,0.12,0.06,0.05,0.2,0.19
joy,0.335,0.34,0.495,0.195,0.055,0.05,0.195,0.185
joy,0.3333333333333333,0.31343283582089554,0.472636815920398,0.1791044776119403,0.04477611940298507,0.04477611940298507,0.1791044776119403,0.1791044776119403
joy,0.32085561497326204,0.35294117647058826,0.48128342245989303,0.16042780748663102,0.0481283422459893,0.0427807486631016,0.17647058823529413,0.18181818181818182
joy,0.3118279569892473,0.3387096774193548,0.5161290322580645,0.20430107526881722,0.03763440860215054,0.043010752688172046,0.16666666666666666,0.17204301075268819
joy,0.31088082901554404,0.3471502590673575,0.47150259067357514,0.10362694300518134,0.031088082901554404,0.031088082901554404,0.16062176165803108,0.16062176165803108
joy,0.31958762886597936,0.31958762886597936,0.4381443298969072,0.18041237113402062,0.041237113402061855,0.041237113402061855,0.17010309278350516,0.17010309278350516
joy,0.32195121951219513,0.33170731707317075,0.47317073170731705,0.2048780487804878,0.024390243902439025,0.024390243902439025,0.16585365853658537,0.16585365853658537
joy,0.34594594594594597,0.34594594594594597,0.5081081081081081,0.22162162162162163,0.04864864864864865,0.05405405405405406,0.1891891891891892,0.1945945945945946
joy,0.37714285714285717,0.34285714285714286,0.44571428571428573,0.18285714285714286,0.045714285714285714,0.045714285714285714,0.1657142857142857,0.1657142857142857
joy,0.3283582089552239,0.3582089552238806,0.40298507462686567,0.10945273631840796,0.04477611940298507,0.04477611940298507,0.17412935323383086,0.18407960199004975
joy,0.2887700534759358,0.3315508021390374,0.48128342245989303,0.15508021390374332,0.0427807486631016,0.0427807486631016,0.1711229946524064,0.1657754010695187
joy,0.29473684210526313,0.33157894736842103,0.5368421052631579,0.1736842105263158,0.042105263157894736,0.042105263157894736,0.16842105263157894,0.16842105263157894
joy,0.3520408163265306,0.3673469387755102,0.45918367346938777,0.12755102040816327,0.061224489795918366,0.05102040816326531,0.17857142857142858,0.1836734693877551
joy,0.350253807106599,0.3604060913705584,0.467005076142132,0.20304568527918782,0.050761421319796954,0.050761421319796954,0.17258883248730963,0.17766497461928935
joy,0.35864978902953587,0.34177215189873417,0.4177215189873418,0.16877637130801687,0.05907172995780591,0.05485232067510549,0.18565400843881857,0.189873417721519
joy,0.3514644351464435,0.3389121338912134,0.4895397489539749,0.19665271966527198,0.04184100418410042,0.04184100418410042,0.18410041841004185,0.1799163179916318
joy,0.34532374100719426,0.35611510791366907,0.4856115107913669,0.18345323741007194,0.03597122302158273,0.02877697841726619,0.17625899280575538,0.17625899280575538
joy,0.345679012345679,0.3868312757201646,0.49794238683127573,0.12345679012345678,0.04938271604938271,0.0411522633744856,0.17695473251028807,0.18106995884773663
joy,0.3442622950819672,0.36885245901639346,0.4959016393442623,0.1885245901639344,0.045081967213114756,0.045081967213114756,0.1721311475409836,0.18032786885245902
joy,0.35555555555555557,0.3288888888888889,0.4444444444444444,0.16444444444444445,0.06222222222222222,0.057777777777777775,0.1688888888888889,0.1688888888888889
joy,0.34801762114537443,0.32599118942731276,0.5110132158590308,0.19383259911894274,0.048458149779735685,0.04405286343612335,0.1762114537444934,0.18061674008810572
joy,0.31759656652360513,0.33047210300429186,0.4592274678111588,0.15450643776824036,0.04721030042918455,0.03862660944206009,0.17167381974248927,0.15879828326180256
joy,0.3614457831325301,0.3534136546184739,0.4738955823293173,0.12449799196787148,0.05220883534136546,0.05220883534136546,0.18072289156626506,0.17670682730923695
joy,0.364,0.344,0.468,0.22,0.052,0.048,0.176,0.172
joy,0.3319327731092437,0.3067226890756303,0.4957983193277311,0.226890756302521,0.06302521008403361,0.06302521008403361,0.18487394957983194,0.18487394957983194
joy,0.34854771784232363,0.34024896265560167,0.47717842323651455,0.12033195020746888,0.04564315352697095,0.04564315352697095,0.17842323651452283,0.1825726141078838
joy,0.3458333333333333,0.3333333333333333,0.5041666666666667,0.13333333333333333,0.041666666666666664,0.041666666666666664,0.17916666666666667,0.18333333333333332
joy,0.3153846153846154,0.3230769230769231,0.4653846153846154,0.11153846153846154,0.05384615384615385,0.05,0.17692307692307693,0.17307692307692307
joy,0.31297709923664124,0.3244274809160305,0.4770992366412214,0.14885496183206107,0.05343511450381679,0.04961832061068702,0.17557251908396945,0.16793893129770993
joy,0.32432432432432434,0.3783783783783784,0.5019305019305019,0.10810810810810811,0.03861003861003861,0.03861003861003861,0.16988416988416988,0.17374517374517376
joy,0.35964912280701755,0.32456140350877194,0.43859649122807015,0.21052631578947367,0.043859649122807015,0.05263157894736842,0.18421052631578946,0.17982456140350878
joy,0.3113207547169811,0.3018867924528302,0.42924528301886794,0.14622641509433962,0.06132075471698113,0.06132075471698113,0.18396226415094338,0.1792452830188679
joy,0.3142857142857143,0.3047619047619048,0.47619047619047616,0.1619047619047619,0.05238095238095238,0.047619047619047616,0.1761904761904762,0.1761904761904762
joy,0.3542600896860987,0.336322869955157,0.4618834080717489,0.15246636771300448,0.04932735426008968,0.04932735426008968,0.19282511210762332,0.18834080717488788
joy,0.31896551724137934,0.35344827586206895,0.41379310344827586,0.14655172413793102,0.07327586206896551,0.06896551724137931,0.1853448275862069,0.1853448275862069
joy,0.3275862068965517,0.34913793103448276,0.47413793103448276,0.1724137931034483,0.06896551724137931,0.0603448275862069,0.1853448275862069,0.1853448275862069
joy,0.31555555555555553,0.3377777777777778,0.47555555555555556,0.15555555555555556,0.044444444444444446,0.04888888888888889,0.17333333333333334,0.18222222222222223
joy,0.30701754385964913,0.3333333333333333,0.5,0.16228070175438597,0.039473684210526314,0.043859649122807015,0.17543859649122806,0.18421052631578946
joy,0.31020408163265306,0.3142857142857143,0.49795918367346936,0.22448979591836735,0.036734693877551024,0.0326530612244898,0.17142857142857143,0.1673469387755102
joy,0.32432432432432434,0.32882882882882886,0.5630630630630631,0.2072072072072072,0.04954954954954955,0.04954954954954955,0.1981981981981982,0.19369369369369369
joy,0.3333333333333333,0.3333333333333333,0.4868421052631579,0.14035087719298245,0.043859649122807015,0.043859649122807015,0.17982456140350878,0.17982456140350878
joy,0.34347826086956523,0.3347826086956522,0.39565217391304347,0.09565217391304348,0.06521739130434782,0.06086956521739131,0.1826086956521739,0.1782608695652174
joy,0.341991341991342,0.329004329004329,0.45021645021645024,0.15151515151515152,0.05194805194805195,0.05194805194805195,0.18181818181818182,0.1774891774891775
joy,0.34497816593886466,0.34497816593886466,0.4497816593886463,0.13973799126637554,0.0611353711790393,0.0611353711790393,0.1965065502183406,0.19213973799126638
joy,0.3406113537117904,0.34934497816593885,0.5589519650655022,0.23580786026200873,0.056768558951965066,0.056768558951965066,0.19213973799126638,0.19213973799126638
joy,0.32894736842105265,0.33771929824561403,0.4605263157894737,0.10526315789473684,0.06140350877192982,0.05701754385964912,0.18421052631578946,0.18859649122807018
joy,0.3318777292576419,0.3406113537117904,0.5109170305676856,0.17467248908296942,0.056768558951965066,0.05240174672489083,0.18777292576419213,0.19213973799126638
joy,0.36538461538461536,0.33076923076923076,0.4,0.14615384615384616,0.06153846153846154,0.057692307692307696,0.18461538461538463,0.18076923076923077
joy,0.37065637065637064,0.3281853281853282,0.5019305019305019,0.2084942084942085,0.04633204633204633,0.04633204633204633,0.18532818532818532,0.1776061776061776
joy,0.3333333333333333,0.29004329004329005,0.4199134199134199,0.1038961038961039,0.06493506493506493,0.06060606060606061,0.19047619047619047,0.18614718614718614
joy,0.33766233766233766,0.2943722943722944,0.48917748917748916,0.1471861471861472,0.047619047619047616,0.04329004329004329,0.18614718614718614,0.18181818181818182
joy,0.3212669683257919,0.33031674208144796,0.4660633484162896,0.13122171945701358,0.05429864253393665,0.049773755656108594,0.18552036199095023,0.18099547511312217
joy,0.31981981981981983,0.32432432432432434,0.4954954954954955,0.18018018018018017,0.04054054054054054,0.04054054054054054,0.17567567567567569,0.17567567567567569
joy,0.3508771929824561,0.33771929824561403,0.40789473684210525,0.11403508771929824,0.043859649122807015,0.039473684210526314,0.17543859649122806,0.17543859649122806
joy,0.350210970464135,0.3755274261603376,0.4092827004219409,0.11814345991561181,0.05063291139240506,0.046413502109704644,0.18143459915611815,0.18565400843881857
joy,0.3416666666666667,0.36666666666666664,0.475,0.1625,0.05,0.05,0.18333333333333332,0.17916666666666667
joy,0.3392070484581498,0.3700440528634361,0.4008810572687225,0.14977973568281938,0.04405286343612335,0.048458149779735685,0.18061674008810572,0.1762114537444934
joy,0.3333333333333333,0.3684210526315789,0.4824561403508772,0.18421052631578946,0.043859649122807015,0.043859649122807015,0.17982456140350878,0.17543859649122806
joy,0.3512396694214876,0.3512396694214876,0.4380165289256198,0.13636363636363635,0.05785123966942149,0.05785123966942149,0.19008264462809918,0.18181818181818182
joy,0.34156378600823045,0.35390946502057613,0.5061728395061729,0.17695473251028807,0.03292181069958848,0.037037037037037035,0.17695473251028807,0.17695473251028807
joy,0.34801762114537443,0.3568281938325991,0.4933920704845815,0.2026431718061674,0.03524229074889868,0.030837004405286344,0.1762114537444934,0.18061674008810572
joy,0.33482142857142855,0.32142857142857145,0.4107142857142857,0.13392857142857142,0.07589285714285714,0.07142857142857142,0.1875,0.18303571428571427
joy,0.3274336283185841,0.3274336283185841,0.5265486725663717,0.17256637168141592,0.022123893805309734,0.022123893805309734,0.16371681415929204,0.17256637168141592
joy,0.32340425531914896,0.3276595744680851,0.46808510638297873,0.14468085106382977,0.04680851063829787,0.05106382978723404,0.1702127659574468,0.1702127659574468
joy,0.3247863247863248,0.3247863247863248,0.5170940170940171,0.15384615384615385,0.038461538461538464,0.04700854700854701,0.17094017094017094,0.16666666666666666
joy,0.32916666666666666,0.3333333333333333,0.42083333333333334,0.125,0.041666666666666664,0.041666666666666664,0.17083333333333334,0.15833333333333333
joy,0.34309623430962344,0.34309623430962344,0.48535564853556484,0.14644351464435146,0.03347280334728033,0.03347280334728033,0.16317991631799164,0.1589958158995816
joy,0.3424657534246575,0.3561643835616438,0.4520547945205479,0.1917808219178082,0.0547945205479452,0.0547945205479452,0.1963470319634703,0.2009132420091324
joy,0.3211009174311927,0.3532110091743119,0.591743119266055,0.21100917431192662,0.045871559633027525,0.05045871559633028,0.1926605504587156,0.2018348623853211
joy,0.32954545454545453,0.30303030303030304,0.3977272727272727,0.1590909090909091,0.06060606060606061,0.06060606060606061,0.17803030303030304,0.17424242424242425
joy,0.3218390804597701,0.3103448275862069,0.47126436781609193,0.1532567049808429,0.05747126436781609,0.05363984674329502,0.17624521072796934,0.1724137931034483
joy,0.3157894736842105,0.3157894736842105,0.3991228070175439,0.14473684210526316,0.04824561403508772,0.043859649122807015,0.17105263157894737,0.16666666666666666
joy,0.31140350877192985,0.3201754385964912,0.4649122807017544,0.17105263157894737,0.021929824561403508,0.021929824561403508,0.17982456140350878,0.18421052631578946
joy,0.3169642857142857,0.33482142857142855,0.36607142857142855,0.11607142857142858,0.07142857142857142,0.0625,0.18303571428571427,0.1875
joy,0.3125,0.33035714285714285,0.4419642857142857,0.16964285714285715,0.05803571428571429,0.049107142857142856,0.17857142857142858,0.18303571428571427
joy,0.3191489361702128,0.3021276595744681,0.42127659574468085,0.14893617021276595,0.03829787234042553,0.0425531914893617,0.17446808510638298,0.16595744680851063
joy,0.3237704918032787,0.35655737704918034,0.45081967213114754,0.1680327868852459,0.045081967213114756,0.040983606557377046,0.1721311475409836,0.1721311475409836
joy,0.32510288065843623,0.35390946502057613,0.49382716049382713,0.18106995884773663,0.03292181069958848,0.03292181069958848,0.16872427983539096,0.1728395061728395
joy,0.35064935064935066,0.31601731601731603,0.41125541125541126,0.14285714285714285,0.047619047619047616,0.04329004329004329,0.18614718614718614,0.18181818181818182
joy,0.3448275862068966,0.31896551724137934,0.46551724137931033,0.1896551724137931,0.03879310344827586,0.03879310344827586,0.1896551724137931,0.1853448275862069
joy,0.3786008230452675,0.345679012345679,0.43209876543209874,0.16049382716049382,0.05761316872427984,0.04938271604938271,0.18106995884773663,0.16872427983539096
joy,0.37551020408163266,0.3510204081632653,0.5591836734693878,0.17959183673469387,0.0326530612244898,0.0326530612244898,0.17142857142857143,0.1673469387755102
joy,0.3333333333333333,0.3374485596707819,0.3786008230452675,0.16872427983539096,0.04938271604938271,0.04938271604938271,0.16872427983539096,0.1728395061728395
joy,0.3125,0.3333333333333333,0.45,0.2,0.0375,0.03333333333333333,0.16666666666666666,0.17083333333333334
joy,0.3333333333333333,0.3373015873015873,0.49206349206349204,0.17063492063492064,0.023809523809523808,0.027777777777777776,0.17857142857142858,0.17857142857142858
joy,0.3133047210300429,0.31759656652360513,0.3905579399141631,0.15879828326180256,0.06866952789699571,0.06866952789699571,0.18025751072961374,0.18025751072961374
joy,0.3191489361702128,0.32340425531914896,0.46808510638297873,0.17872340425531916,0.059574468085106386,0.059574468085106386,0.1829787234042553,0.17872340425531916
joy,0.3080357142857143,0.33482142857142855,0.4330357142857143,0.08035714285714286,0.049107142857142856,0.049107142857142856,0.1875,0.19196428571428573
joy,0.26666666666666666,0.3288888888888889,0.43555555555555553,0.2222222222222222,0.06222222222222222,0.057777777777777775,0.17777777777777778,0.18666666666666668
joy,0.30357142857142855,0.34375,0.44642857142857145,0.18303571428571427,0.0625,0.05803571428571429,0.18303571428571427,0.19196428571428573
joy,0.3185840707964602,0.35398230088495575,0.49557522123893805,0.12389380530973451,0.06637168141592921,0.061946902654867256,0.18584070796460178,0.19469026548672566
joy,0.3141592920353982,0.34513274336283184,0.49557522123893805,0.17256637168141592,0.06637168141592921,0.061946902654867256,0.18584070796460178,0.19469026548672566
joy,0.3318777292576419,0.32751091703056767,0.48034934497816595,0.22270742358078602,0.0611353711790393,0.06550218340611354,0.19213973799126638,0.19213973799126638
joy,0.32894736842105265,0.32894736842105265,0.4824561403508772,0.16666666666666666,0.06140350877192982,0.06140350877192982,0.18859649122807018,0.19298245614035087
joy,0.2903225806451613,0.31048387096774194,0.46774193548387094,0.14919354838709678,0.036290322580645164,0.036290322580645164,0.17338709677419356,0.1774193548387097
joy,0.28688524590163933,0.3073770491803279,0.4262295081967213,0.13114754098360656,0.045081967213114756,0.040983606557377046,0.1762295081967213,0.18442622950819673
joy,0.2938775510204082,0.3142857142857143,0.46122448979591835,0.08571428571428572,0.036734693877551024,0.0326530612244898,0.17142857142857143,0.1836734693877551
joy,0.35918367346938773,0.363265306122449,0.3836734693877551,0.08163265306122448,0.04897959183673469,0.04897959183673469,0.17142857142857143,0.17551020408163265
joy,0.3333333333333333,0.3288888888888889,0.38666666666666666,0.14222222222222222,0.05333333333333334,0.05333333333333334,0.1688888888888889,0.1688888888888889
joy,0.3230088495575221,0.3230088495575221,0.4336283185840708,0.1592920353982301,0.03982300884955752,0.03982300884955752,0.1592920353982301,0.1592920353982301
joy,0.35398230088495575,0.33185840707964603,0.41150442477876104,0.11061946902654868,0.06637168141592921,0.061946902654867256,0.18584070796460178,0.18584070796460178
joy,0.3377777777777778,0.3244444444444444,0.48444444444444446,0.19555555555555557,0.05333333333333334,0.05333333333333334,0.18666666666666668,0.18666666666666668
joy,0.3691588785046729,0.35046728971962615,0.4953271028037383,0.11214953271028037,0.06074766355140187,0.056074766355140186,0.1822429906542056,0.1822429906542056
joy,0.32905982905982906,0.3418803418803419,0.5170940170940171,0.19230769230769232,0.05128205128205128,0.05128205128205128,0.1794871794871795,0.1794871794871795
joy,0.32340425531914896,0.34893617021276596,0.4765957446808511,0.14042553191489363,0.059574468085106386,0.05531914893617021,0.17872340425531916,0.1829787234042553
joy,0.34024896265560167,0.34439834024896265,0.46887966804979253,0.1078838174273859,0.05394190871369295,0.05394190871369295,0.17842323651452283,0.17842323651452283
joy,0.3493975903614458,0.357429718875502,0.3895582329317269,0.13654618473895583,0.05220883534136546,0.05220883534136546,0.1686746987951807,0.1686746987951807
joy,0.3050847457627119,0.3347457627118644,0.4110169491525424,0.08898305084745763,0.059322033898305086,0.05508474576271186,0.1694915254237288,0.1694915254237288
joy,0.3277310924369748,0.33613445378151263,0.4831932773109244,0.18067226890756302,0.029411764705882353,0.037815126050420166,0.1722689075630252,0.16806722689075632
joy,0.31896551724137934,0.3706896551724138,0.46120689655172414,0.14655172413793102,0.06896551724137931,0.06465517241379311,0.1853448275862069,0.1939655172413793
joy,0.3347826086956522,0.34782608695652173,0.5,0.21739130434782608,0.04782608695652174,0.04782608695652174,0.18695652173913044,0.1826086956521739
joy,0.3561643835616438,0.3561643835616438,0.4018264840182648,0.1050228310502283,0.0593607305936073,0.0593607305936073,0.182648401826484,0.1917808219178082
joy,0.3632286995515695,0.3542600896860987,0.5022421524663677,0.16143497757847533,0.03587443946188341,0.04035874439461883,0.17937219730941703,0.18385650224215247
joy,0.3181818181818182,0.3347107438016529,0.45041322314049587,0.08264462809917356,0.05371900826446281,0.049586776859504134,0.16942148760330578,0.17355371900826447
joy,0.35064935064935066,0.341991341991342,0.4588744588744589,0.1645021645021645,0.05194805194805195,0.05627705627705628,0.18181818181818182,0.18614718614718614
joy,0.3438914027149321,0.3257918552036199,0.4479638009049774,0.10407239819004525,0.06787330316742081,0.07239819004524888,0.18552036199095023,0.18552036199095023
joy,0.3305084745762712,0.3601694915254237,0.3940677966101695,0.1228813559322034,0.07203389830508475,0.06779661016949153,0.19915254237288135,0.19915254237288135
joy,0.31343283582089554,0.35323383084577115,0.4527363184079602,0.13432835820895522,0.029850746268656716,0.029850746268656716,0.1791044776119403,0.18407960199004975
joy,0.3333333333333333,0.3333333333333333,0.4950980392156863,0.20098039215686275,0.0392156862745098,0.0392156862745098,0.1715686274509804,0.1715686274509804
joy,0.3333333333333333,0.35555555555555557,0.4711111111111111,0.14222222222222222,0.04888888888888889,0.05333333333333334,0.19111111111111112,0.2
joy,0.3333333333333333,0.3377777777777778,0.5377777777777778,0.20444444444444446,0.022222222222222223,0.022222222222222223,0.17777777777777778,0.18222222222222223
joy,0.3080357142857143,0.3482142857142857,0.38839285714285715,0.10714285714285714,0.05357142857142857,0.05357142857142857,0.17857142857142858,0.18303571428571427
joy,0.3094170403587444,0.33183856502242154,0.3991031390134529,0.10762331838565023,0.05829596412556054,0.053811659192825115,0.18385650224215247,0.18385650224215247
joy,0.3076923076923077,0.3393665158371041,0.4796380090497738,0.1583710407239819,0.04524886877828054,0.04072398190045249,0.18099547511312217,0.18099547511312217
joy,0.3333333333333333,0.36796536796536794,0.4329004329004329,0.09523809523809523,0.06493506493506493,0.06060606060606061,0.18181818181818182,0.19047619047619047
joy,0.3231441048034934,0.3537117903930131,0.49344978165938863,0.19213973799126638,0.048034934497816595,0.05240174672489083,0.17467248908296942,0.17903930131004367
joy,0.33482142857142855,0.36160714285714285,0.48214285714285715,0.12946428571428573,0.05803571428571429,0.05803571428571429,0.18303571428571427,0.18303571428571427
joy,0.33031674208144796,0.3257918552036199,0.45701357466063347,0.12217194570135746,0.027149321266968326,0.027149321266968326,0.17194570135746606,0.17194570135746606
joy,0.31390134529147984,0.3273542600896861,0.47533632286995514,0.19282511210762332,0.026905829596412557,0.026905829596412557,0.16591928251121077,0.16143497757847533
joy,0.32547169811320753,0.32547169811320753,0.44339622641509435,0.10377358490566038,0.04716981132075472,0.04245283018867924,0.18396226415094338,0.1792452830188679
joy,0.3333333333333333,0.3377777777777778,0.4711111111111111,0.11555555555555555,0.044444444444444446,0.04,0.17333333333333334,0.18222222222222223
joy,0.3422222222222222,0.3422222222222222,0.5288888888888889,0.16,0.03111111111111111,0.035555555555555556,0.17777777777777778,0.17777777777777778
joy,0.35406698564593303,0.36363636363636365,0.49282296650717705,0.10047846889952153,0.05741626794258373,0.05263157894736842,0.17703349282296652,0.18660287081339713
joy,0.3432203389830508,0.2923728813559322,0.4067796610169492,0.13559322033898305,0.0635593220338983,0.059322033898305086,0.17796610169491525,0.17796610169491525
joy,0.3117408906882591,0.29554655870445345,0.46558704453441296,0.14979757085020243,0.05263157894736842,0.048582995951417005,0.1862348178137652,0.18218623481781376
joy,0.336283185840708,0.336283185840708,0.4469026548672566,0.12389380530973451,0.061946902654867256,0.05309734513274336,0.18584070796460178,0.18141592920353983
joy,0.3274336283185841,0.3407079646017699,0.5353982300884956,0.16371681415929204,0.03982300884955752,0.035398230088495575,0.17699115044247787,0.17256637168141592
joy,0.3274336283185841,0.336283185840708,0.49557522123893805,0.11946902654867257,0.05309734513274336,0.04424778761061947,0.18584070796460178,0.18584070796460178
neutral,0.3458333333333333,0.375,0.42083333333333334,0.1125,0.0625,0.0625,0.2,0.20416666666666666
neutral,0.3694029850746269,0.3656716417910448,0.35447761194029853,0.1044776119402985,0.06716417910447761,0.06716417910447761,0.1828358208955224,0.1828358208955224
neutral,0.35177865612648224,0.36363636363636365,0.36363636363636365,0.11067193675889328,0.06719367588932806,0.06324110671936758,0.1857707509881423,0.18972332015810275
neutral,0.3465346534653465,0.3613861386138614,0.3811881188118812,0.1188118811881188,0.06435643564356436,0.0594059405940594,0.19306930693069307,0.18811881188118812
neutral,0.335,0.33,0.35,0.115,0.06,0.06,0.185,0.18
neutral,0.31351351351351353,0.34594594594594597,0.3891891891891892,0.11351351351351352,0.05405405405405406,0.05405405405405406,0.17297297297297298,0.17297297297297298
neutral,0.30927835051546393,0.33505154639175255,0.30927835051546393,0.08247422680412371,0.05670103092783505,0.05154639175257732,0.17525773195876287,0.17525773195876287
neutral,0.3333333333333333,0.328125,0.328125,0.10416666666666667,0.057291666666666664,0.052083333333333336,0.17708333333333334,0.17708333333333334
neutral,0.3235294117647059,0.3431372549019608,0.3627450980392157,0.12254901960784313,0.05392156862745098,0.05392156862745098,0.16666666666666666,0.1715686274509804
neutral,0.366120218579235,0.36065573770491804,0.3825136612021858,0.15300546448087432,0.060109289617486336,0.06557377049180328,0.19672131147540983,0.20218579234972678
neutral,0.375,0.3352272727272727,0.36363636363636365,0.11931818181818182,0.056818181818181816,0.056818181818181816,0.17045454545454544,0.17613636363636365
neutral,0.32673267326732675,0.3613861386138614,0.31683168316831684,0.0891089108910891,0.04455445544554455,0.039603960396039604,0.16831683168316833,0.16831683168316833
neutral,0.31382978723404253,0.3351063829787234,0.3776595744680851,0.09042553191489362,0.05851063829787234,0.05319148936170213,0.17553191489361702,0.1702127659574468
neutral,0.35175879396984927,0.37185929648241206,0.33668341708542715,0.11055276381909548,0.06532663316582915,0.06532663316582915,0.18090452261306533,0.17587939698492464
neutral,0.37872340425531914,0.3404255319148936,0.33191489361702126,0.13191489361702127,0.06382978723404255,0.06808510638297872,0.18723404255319148,0.18723404255319148
neutral,0.35611510791366907,0.37050359712230213,0.37050359712230213,0.11510791366906475,0.04316546762589928,0.039568345323741004,0.17266187050359713,0.17266187050359713
neutral,0.35390946502057613,0.3786008230452675,0.4156378600823045,0.11934156378600823,0.04526748971193416,0.04526748971193416,0.17695473251028807,0.18106995884773663
neutral,0.37168141592920356,0.3407079646017699,0.3584070796460177,0.12831858407079647,0.07079646017699115,0.07079646017699115,0.17699115044247787,0.17699115044247787
neutral,0.3448275862068966,0.3275862068965517,0.3706896551724138,0.10775862068965517,0.06465517241379311,0.0603448275862069,0.1810344827586207,0.17672413793103448
neutral,0.3247863247863248,0.34615384615384615,0.33760683760683763,0.10683760683760683,0.07692307692307693,0.07264957264957266,0.1752136752136752,0.1794871794871795
neutral,0.36693548387096775,0.3548387096774194,0.3709677419354839,0.12096774193548387,0.06048387096774194,0.06048387096774194,0.1814516129032258,0.1774193548387097
neutral,0.3374485596707819,0.3292181069958848,0.3662551440329218,0.09876543209876543,0.06172839506172839,0.06172839506172839,0.1728395061728395,0.1728395061728395
neutral,0.3305084745762712,0.3177966101694915,0.3771186440677966,0.1271186440677966,0.0423728813559322,0.0423728813559322,0.17796610169491525,0.17796610169491525
neutral,0.36666666666666664,0.3458333333333333,0.36666666666666664,0.09583333333333334,0.058333333333333334,0.058333333333333334,0.19166666666666668,0.19166666666666668
neutral,0.3193916349809886,0.3269961977186312,0.3916349809885932,0.11406844106463879,0.06463878326996197,0.060836501901140684,0.17490494296577946,0.17870722433460076
neutral,0.3192307692307692,0.36923076923076925,0.35,0.1,0.046153846153846156,0.046153846153846156,0.16923076923076924,0.17307692307692307
neutral,0.3700440528634361,0.33480176211453744,0.3700440528634361,0.11013215859030837,0.05726872246696035,0.05726872246696035,0.18502202643171806,0.18061674008810572
neutral,0.3209302325581395,0.32558139534883723,0.35348837209302325,0.09767441860465116,0.07441860465116279,0.06511627906976744,0.1813953488372093,0.1813953488372093
neutral,0.35267857142857145,0.3482142857142857,0.36160714285714285,0.09821428571428571,0.06696428571428571,0.0625,0.20089285714285715,0.19642857142857142
neutral,0.3333333333333333,0.3504273504273504,0.3333333333333333,0.1111111111111111,0.07692307692307693,0.07692307692307693,0.18376068376068377,0.18803418803418803
neutral,0.3183856502242152,0.3273542600896861,0.38565022421524664,0.13004484304932734,0.053811659192825115,0.053811659192825115,0.17937219730941703,0.18385650224215247
neutral,0.32653061224489793,0.32653061224489793,0.35918367346938773,0.15918367346938775,0.053061224489795916,0.053061224489795916,0.17142857142857143,0.17142857142857143
neutral,0.35,0.3409090909090909,0.4090909090909091,0.16818181818181818,0.06363636363636363,0.05909090909090909,0.19545454545454546,0.19090909090909092
neutral,0.34210526315789475,0.3333333333333333,0.35964912280701755,0.08771929824561403,0.05263157894736842,0.05263157894736842,0.17982456140350878,0.17982456140350878
neutral,0.34913793103448276,0.3448275862068966,0.31896551724137934,0.13793103448275862,0.07327586206896551,0.07327586206896551,0.1810344827586207,0.1810344827586207
neutral,0.3333333333333333,0.34210526315789475,0.3684210526315789,0.10087719298245613,0.06578947368421052,0.06578947368421052,0.18859649122807018,0.19298245614035087
neutral,0.3521739130434783,0.34347826086956523,0.41739130434782606,0.1391304347826087,0.06086956521739131,0.05652173913043478,0.1956521739130435,0.19130434782608696
neutral,0.3745173745173745,0.33204633204633205,0.3474903474903475,0.138996138996139,0.06563706563706563,0.06177606177606178,0.18146718146718147,0.1776061776061776
neutral,0.34913793103448276,0.31896551724137934,0.3577586206896552,0.09051724137931035,0.06465517241379311,0.0603448275862069,0.1939655172413793,0.1896551724137931
neutral,0.334841628959276,0.334841628959276,0.3665158371040724,0.11764705882352941,0.06334841628959276,0.058823529411764705,0.18099547511312217,0.18099547511312217
neutral,0.35964912280701755,0.34649122807017546,0.33771929824561403,0.08333333333333333,0.05263157894736842,0.04824561403508772,0.17982456140350878,0.17982456140350878
neutral,0.3458333333333333,0.35833333333333334,0.30833333333333335,0.10416666666666667,0.07083333333333333,0.07083333333333333,0.1875,0.1875
neutral,0.34649122807017546,0.36403508771929827,0.32894736842105265,0.11403508771929824,0.05701754385964912,0.05701754385964912,0.17982456140350878,0.17982456140350878
neutral,0.36885245901639346,0.3483606557377049,0.3401639344262295,0.10245901639344263,0.06147540983606557,0.06147540983606557,0.18442622950819673,0.18442622950819673
neutral,0.34913793103448276,0.3146551724137931,0.35344827586206895,0.1336206896551724,0.06896551724137931,0.06465517241379311,0.1896551724137931,0.1810344827586207
neutral,0.35526315789473684,0.35526315789473684,0.34649122807017546,0.16228070175438597,0.04824561403508772,0.04824561403508772,0.17543859649122806,0.17543859649122806
neutral,0.3319327731092437,0.3235294117647059,0.36554621848739494,0.07563025210084033,0.058823529411764705,0.06302521008403361,0.16806722689075632,0.1722689075630252
neutral,0.34375,0.32589285714285715,0.36607142857142855,0.125,0.08035714285714286,0.07589285714285714,0.1875,0.18303571428571427
neutral,0.31645569620253167,0.3206751054852321,0.3459915611814346,0.10548523206751055,0.06329113924050633,0.06329113924050633,0.1729957805907173,0.1729957805907173
neutral,0.3278008298755187,0.34024896265560167,0.33195020746887965,0.0912863070539419,0.04979253112033195,0.04564315352697095,0.16597510373443983,0.16597510373443983
neutral,0.38333333333333336,0.35,0.375,0.12916666666666668,0.05,0.05,0.17916666666666667,0.17083333333333334
neutral,0.32,0.3422222222222222,0.37777777777777777,0.10666666666666667,0.057777777777777775,0.05333333333333334,0.18666666666666668,0.18666666666666668
neutral,0.33460076045627374,0.3041825095057034,0.3612167300380228,0.11026615969581749,0.06844106463878327,0.06463878326996197,0.18250950570342206,0.17870722433460076
neutral,0.3318777292576419,0.3231441048034934,0.34934497816593885,0.12663755458515283,0.048034934497816595,0.048034934497816595,0.17467248908296942,0.1703056768558952
neutral,0.3598326359832636,0.3514644351464435,0.3138075313807531,0.11297071129707113,0.05439330543933055,0.0502092050209205,0.17154811715481172,0.17154811715481172
neutral,0.3183856502242152,0.336322869955157,0.32286995515695066,0.09865470852017937,0.06726457399103139,0.06726457399103139,0.18385650224215247,0.18834080717488788
neutral,0.3389830508474576,0.3220338983050847,0.3220338983050847,0.09745762711864407,0.059322033898305086,0.059322033898305086,0.17796610169491525,0.17796610169491525
neutral,0.3360655737704918,0.3729508196721312,0.3524590163934426,0.11475409836065574,0.04918032786885246,0.05327868852459016,0.1721311475409836,0.18032786885245902
neutral,0.36909871244635195,0.3133047210300429,0.34763948497854075,0.11587982832618025,0.05150214592274678,0.05150214592274678,0.18025751072961374,0.1759656652360515
neutral,0.3836734693877551,0.3551020408163265,0.3469387755102041,0.12244897959183673,0.0653061224489796,0.061224489795918366,0.17959183673469387,0.17551020408163265
neutral,0.3524590163934426,0.3524590163934426,0.3401639344262295,0.11885245901639344,0.045081967213114756,0.045081967213114756,0.1721311475409836,0.1721311475409836
neutral,0.3543307086614173,0.36220472440944884,0.3464566929133858,0.09448818897637795,0.05511811023622047,0.05511811023622047,0.17716535433070865,0.18503937007874016
neutral,0.33047210300429186,0.3133047210300429,0.351931330472103,0.0944206008583691,0.07725321888412018,0.06866952789699571,0.18025751072961374,0.18025751072961374
neutral,0.30666666666666664,0.3244444444444444,0.3288888888888889,0.10222222222222223,0.057777777777777775,0.05333333333333334,0.18666666666666668,0.18666666666666668
neutral,0.2920353982300885,0.3274336283185841,0.3938053097345133,0.20353982300884957,0.06637168141592921,0.061946902654867256,0.17256637168141592,0.18584070796460178
neutral,0.31140350877192985,0.34649122807017546,0.3991228070175439,0.14473684210526316,0.07456140350877193,0.07017543859649122,0.18421052631578946,0.19736842105263158
neutral,0.32608695652173914,0.33043478260869563,0.3869565217391304,0.16521739130434782,0.06521739130434782,0.06956521739130435,0.18695652173913044,0.1956521739130435
neutral,0.30603448275862066,0.30603448275862066,0.36637931034482757,0.11637931034482758,0.06896551724137931,0.06896551724137931,0.1853448275862069,0.1896551724137931
neutral,0.2938775510204082,0.30612244897959184,0.3346938775510204,0.08571428571428572,0.04897959183673469,0.044897959183673466,0.17959183673469387,0.1836734693877551
neutral,0.36585365853658536,0.35772357723577236,0.34552845528455284,0.08943089430894309,0.044715447154471545,0.044715447154471545,0.17073170731707318,0.17073170731707318
neutral,0.3495575221238938,0.336283185840708,0.3230088495575221,0.10176991150442478,0.06637168141592921,0.061946902654867256,0.17256637168141592,0.168141592920354
neutral,0.35398230088495575,0.336283185840708,0.3672566371681416,0.12831858407079647,0.06637168141592921,0.06637168141592921,0.1902654867256637,0.18584070796460178
neutral,0.3686635944700461,0.3456221198156682,0.3824884792626728,0.0967741935483871,0.06451612903225806,0.059907834101382486,0.17972350230414746,0.17972350230414746
neutral,0.3487394957983193,0.35294117647058826,0.3697478991596639,0.14285714285714285,0.058823529411764705,0.058823529411764705,0.18487394957983194,0.18487394957983194
neutral,0.3185483870967742,0.35080645161290325,0.3185483870967742,0.13306451612903225,0.05241935483870968,0.056451612903225805,0.1693548387096774,0.1814516129032258
neutral,0.36507936507936506,0.36507936507936506,0.3333333333333333,0.12698412698412698,0.05555555555555555,0.05555555555555555,0.16666666666666666,0.16666666666666666
neutral,0.3206751054852321,0.3459915611814346,0.33755274261603374,0.0970464135021097,0.06751054852320675,0.06329113924050633,0.1729957805907173,0.17721518987341772
neutral,0.33766233766233766,0.36363636363636365,0.36363636363636365,0.14285714285714285,0.06926406926406926,0.06926406926406926,0.18614718614718614,0.19047619047619047
neutral,0.3698630136986301,0.3561643835616438,0.3561643835616438,0.1095890410958904,0.0593607305936073,0.0593607305936073,0.1872146118721461,0.1917808219178082
neutral,0.32098765432098764,0.32510288065843623,0.3168724279835391,0.102880658436214,0.06995884773662552,0.06584362139917696,0.1728395061728395,0.17695473251028807
neutral,0.3826086956521739,0.36086956521739133,0.36086956521739133,0.16521739130434782,0.05652173913043478,0.06521739130434782,0.18695652173913044,0.1826086956521739
neutral,0.34375,0.32589285714285715,0.33482142857142855,0.14285714285714285,0.06696428571428571,0.07142857142857142,0.18303571428571427,0.17857142857142858
neutral,0.34913793103448276,0.3793103448275862,0.3275862068965517,0.125,0.05172413793103448,0.04741379310344827,0.16810344827586207,0.17672413793103448
neutral,0.3333333333333333,0.36324786324786323,0.36752136752136755,0.13247863247863248,0.0811965811965812,0.06837606837606838,0.20085470085470086,0.20085470085470086
neutral,0.3375,0.32083333333333336,0.38333333333333336,0.10833333333333334,0.05416666666666667,0.05416666666666667,0.175,0.175
neutral,0.33004926108374383,0.3497536945812808,0.35467980295566504,0.1330049261083744,0.059113300492610835,0.059113300492610835,0.17733990147783252,0.18719211822660098
neutral,0.3482142857142857,0.36160714285714285,0.40625,0.14732142857142858,0.05357142857142857,0.05803571428571429,0.19196428571428573,0.20089285714285715
neutral,0.31390134529147984,0.3542600896860987,0.33183856502242154,0.12556053811659193,0.06726457399103139,0.06278026905829596,0.18385650224215247,0.18834080717488788
neutral,0.34615384615384615,0.36324786324786323,0.3247863247863248,0.09829059829059829,0.06837606837606838,0.0641025641025641,0.18376068376068377,0.18803418803418803
neutral,0.34051724137931033,0.35344827586206895,0.3620689655172414,0.10775862068965517,0.0603448275862069,0.06465517241379311,0.1724137931034483,0.17672413793103448
neutral,0.31555555555555553,0.3288888888888889,0.3422222222222222,0.10222222222222223,0.044444444444444446,0.04,0.1688888888888889,0.16444444444444445
neutral,0.3380281690140845,0.3333333333333333,0.36619718309859156,0.11267605633802817,0.06103286384976526,0.056338028169014086,0.18309859154929578,0.18309859154929578
neutral,0.33043478260869563,0.36086956521739133,0.3739130434782609,0.10434782608695652,0.05217391304347826,0.05652173913043478,0.1782608695652174,0.1826086956521739
neutral,0.37320574162679426,0.36363636363636365,0.3923444976076555,0.12440191387559808,0.06698564593301436,0.05741626794258373,0.18181818181818182,0.18660287081339713
neutral,0.3644067796610169,0.3050847457627119,0.3050847457627119,0.08050847457627118,0.07627118644067797,0.08050847457627118,0.1906779661016949,0.1864406779661017
neutral,0.32793522267206476,0.29959514170040485,0.38866396761133604,0.15789473684210525,0.05668016194331984,0.05263157894736842,0.18218623481781376,0.18218623481781376
neutral,0.3392070484581498,0.3392070484581498,0.4052863436123348,0.12334801762114538,0.06167400881057269,0.05286343612334802,0.18061674008810572,0.18061674008810572
sadness,0.3458333333333333,0.3875,0.3875,0.09583333333333334,0.06666666666666667,0.0625,0.19583333333333333,0.20416666666666666
sadness,0.34509803921568627,0.35294117647058826,0.3686274509803922,0.09019607843137255,0.043137254901960784,0.047058823529411764,0.17254901960784313,0.17647058823529413
sadness,0.38202247191011235,0.3595505617977528,0.3445692883895131,0.10486891385767791,0.06367041198501873,0.06367041198501873,0.1797752808988764,0.1760299625468165
sadness,0.345,0.355,0.365,0.11,0.07,0.065,0.2,0.2
sadness,0.3383838383838384,0.32323232323232326,0.3333333333333333,0.1111111111111111,0.05555555555555555,0.05555555555555555,0.18181818181818182,0.18181818181818182
sadness,0.3172043010752688,0.34946236559139787,0.3709677419354839,0.11290322580645161,0.04838709677419355,0.04838709677419355,0.17204301075268819,0.17204301075268819
sadness,0.3177083333333333,0.3489583333333333,0.4010416666666667,0.10416666666666667,0.041666666666666664,0.041666666666666664,0.16145833333333334,0.16666666666666666
sadness,0.34210526315789475,0.33157894736842103,0.24736842105263157,0.04736842105263158,0.06315789473684211,0.05789473684210526,0.17894736842105263,0.1736842105263158
sadness,0.34951456310679613,0.34951456310679613,0.32038834951456313,0.13106796116504854,0.043689320388349516,0.04854368932038835,0.16990291262135923,0.1650485436893204
sadness,0.37433155080213903,0.3582887700534759,0.37967914438502676,0.18181818181818182,0.053475935828877004,0.058823529411764705,0.18716577540106952,0.1925133689839572
sadness,0.3898305084745763,0.3502824858757062,0.3163841807909605,0.11864406779661017,0.05084745762711865,0.05084745762711865,0.1694915254237288,0.1638418079096045
sadness,0.325,0.34,0.33,0.1,0.04,0.035,0.17,0.17
sadness,0.2994652406417112,0.33689839572192515,0.37967914438502676,0.09090909090909091,0.058823529411764705,0.0481283422459893,0.1711229946524064,0.17647058823529413
sadness,0.35,0.37,0.3,0.2,0.06,0.065,0.175,0.175
sadness,0.35294117647058826,0.3403361344537815,0.3403361344537815,0.1134453781512605,0.0546218487394958,0.0546218487394958,0.18067226890756302,0.18067226890756302
sadness,0.3345323741007194,0.3381294964028777,0.35251798561151076,0.09712230215827339,0.04316546762589928,0.04316546762589928,0.16906474820143885,0.17266187050359713
sadness,0.3684210526315789,0.33771929824561403,0.3157894736842105,0.17982456140350878,0.07456140350877193,0.07894736842105263,0.17543859649122806,0.17982456140350878
sadness,0.35344827586206895,0.33189655172413796,0.3577586206896552,0.10775862068965517,0.0603448275862069,0.05603448275862069,0.1810344827586207,0.1724137931034483
sadness,0.3261802575107296,0.3562231759656652,0.33476394849785407,0.10300429184549356,0.06437768240343347,0.06437768240343347,0.18025751072961374,0.18025751072961374
sadness,0.3588709677419355,0.3548387096774194,0.3467741935483871,0.11290322580645161,0.06048387096774194,0.06048387096774194,0.1774193548387097,0.17338709677419356
sadness,0.32061068702290074,0.3473282442748092,0.3511450381679389,0.13358778625954199,0.03435114503816794,0.03816793893129771,0.183206106870229,0.183206106870229
sadness,0.32558139534883723,0.33488372093023255,0.3302325581395349,0.09767441860465116,0.06976744186046512,0.06976744186046512,0.1813953488372093,0.1813953488372093
sadness,0.3217391304347826,0.3391304347826087,0.3521739130434783,0.16521739130434782,0.0782608695652174,0.07391304347826087,0.19130434782608696,0.1956521739130435
sadness,0.29333333333333333,0.3022222222222222,0.3244444444444444,0.12,0.06222222222222222,0.057777777777777775,0.17333333333333334,0.18222222222222223
sadness,0.3387096774193548,0.32661290322580644,0.3790322580645161,0.10887096774193548,0.04032258064516129,0.04435483870967742,0.17338709677419356,0.17338709677419356
sadness,0.34497816593886466,0.34497816593886466,0.2838427947598253,0.07860262008733625,0.05240174672489083,0.05240174672489083,0.17467248908296942,0.17467248908296942
sadness,0.3684210526315789,0.34210526315789475,0.30701754385964913,0.06578947368421052,0.06578947368421052,0.06578947368421052,0.18859649122807018,0.17982456140350878
sadness,0.33624454148471616,0.35807860262008734,0.4104803493449782,0.12663755458515283,0.0611353711790393,0.0611353711790393,0.19213973799126638,0.19213973799126638
sadness,0.3576923076923077,0.3192307692307692,0.3346153846153846,0.08076923076923077,0.06538461538461539,0.06153846153846154,0.18076923076923077,0.18076923076923077
sadness,0.33191489361702126,0.2936170212765957,0.3191489361702128,0.1148936170212766,0.06382978723404255,0.06382978723404255,0.1829787234042553,0.17446808510638298
sadness,0.336322869955157,0.33183856502242154,0.34977578475336324,0.11210762331838565,0.053811659192825115,0.053811659192825115,0.18385650224215247,0.17488789237668162
sadness,0.37554585152838427,0.35807860262008734,0.35807860262008734,0.06550218340611354,0.043668122270742356,0.048034934497816595,0.18777292576419213,0.17903930131004367
sadness,0.36666666666666664,0.35,0.3,0.041666666666666664,0.06666666666666667,0.058333333333333334,0.17916666666666667,0.17083333333333334
sadness,0.36363636363636365,0.329004329004329,0.3116883116883117,0.09956709956709957,0.06493506493506493,0.06493506493506493,0.18614718614718614,0.18181818181818182
sadness,0.3508771929824561,0.36403508771929827,0.2850877192982456,0.10087719298245613,0.03070175438596491,0.03508771929824561,0.17105263157894737,0.17982456140350878
sadness,0.34347826086956523,0.32608695652173914,0.3,0.10869565217391304,0.030434782608695653,0.030434782608695653,0.16956521739130434,0.1608695652173913
sadness,0.3416666666666667,0.3416666666666667,0.35,0.14166666666666666,0.05416666666666667,0.05,0.17083333333333334,0.16666666666666666
sadness,0.3598326359832636,0.3514644351464435,0.28870292887029286,0.11297071129707113,0.02092050209205021,0.02092050209205021,0.1799163179916318,0.1799163179916318
sadness,0.3185840707964602,0.336283185840708,0.29646017699115046,0.10619469026548672,0.05752212389380531,0.05309734513274336,0.18141592920353983,0.18141592920353983
sadness,0.3333333333333333,0.31196581196581197,0.3547008547008547,0.1623931623931624,0.05128205128205128,0.05128205128205128,0.1752136752136752,0.17094017094017094
sadness,0.32786885245901637,0.35655737704918034,0.3401639344262295,0.1680327868852459,0.05327868852459016,0.05327868852459016,0.1762295081967213,0.18032786885245902
sadness,0.3418803418803419,0.32051282051282054,0.3418803418803419,0.1623931623931624,0.05982905982905983,0.05982905982905983,0.18803418803418803,0.18803418803418803
sadness,0.3805668016194332,0.3441295546558704,0.32793522267206476,0.09716599190283401,0.024291497975708502,0.024291497975708502,0.18218623481781376,0.17813765182186234
sadness,0.3425196850393701,0.35826771653543305,0.30708661417322836,0.1141732283464567,0.05511811023622047,0.05511811023622047,0.17716535433070865,0.18110236220472442
sadness,0.33189655172413796,0.3232758620689655,0.34913793103448276,0.10775862068965517,0.0603448275862069,0.0603448275862069,0.16810344827586207,0.1724137931034483
sadness,0.3141592920353982,0.33185840707964603,0.3008849557522124,0.09734513274336283,0.061946902654867256,0.061946902654867256,0.1902654867256637,0.1902654867256637
sadness,0.2831858407079646,0.33185840707964603,0.3938053097345133,0.17256637168141592,0.05752212389380531,0.061946902654867256,0.17256637168141592,0.18141592920353983
sadness,0.30603448275862066,0.30603448275862066,0.36637931034482757,0.11637931034482758,0.06896551724137931,0.06896551724137931,0.1853448275862069,0.1896551724137931
sadness,0.30165289256198347,0.32644628099173556,0.359504132231405,0.08264462809917356,0.05785123966942149,0.05371900826446281,0.17768595041322313,0.1859504132231405
sadness,0.3780487804878049,0.35772357723577236,0.34552845528455284,0.07317073170731707,0.04065040650406504,0.044715447154471545,0.17886178861788618,0.17886178861788618
sadness,0.3436123348017621,0.3303964757709251,0.3303964757709251,0.09251101321585903,0.06167400881057269,0.05726872246696035,0.17180616740088106,0.16740088105726872
sadness,0.36,0.3466666666666667,0.3244444444444444,0.09333333333333334,0.057777777777777775,0.05333333333333334,0.1688888888888889,0.16444444444444445
sadness,0.39631336405529954,0.34101382488479265,0.31336405529953915,0.09216589861751152,0.04608294930875576,0.05069124423963134,0.17050691244239632,0.16589861751152074
sadness,0.32489451476793246,0.350210970464135,0.35864978902953587,0.18143459915611815,0.06329113924050633,0.06329113924050633,0.17721518987341772,0.18565400843881857
sadness,0.3252032520325203,0.34959349593495936,0.46747967479674796,0.15447154471544716,0.044715447154471545,0.04878048780487805,0.17479674796747968,0.17073170731707318
sadness,0.3333333333333333,0.3568627450980392,0.3137254901960784,0.10588235294117647,0.058823529411764705,0.058823529411764705,0.1607843137254902,0.16862745098039217
sadness,0.3568627450980392,0.36470588235294116,0.38823529411764707,0.10980392156862745,0.050980392156862744,0.050980392156862744,0.16862745098039217,0.16862745098039217
sadness,0.3319327731092437,0.3403361344537815,0.31092436974789917,0.09243697478991597,0.058823529411764705,0.0546218487394958,0.17647058823529413,0.17647058823529413
sadness,0.32608695652173914,0.3652173913043478,0.36086956521739133,0.1391304347826087,0.07391304347826087,0.06956521739130435,0.19130434782608696,0.18695652173913044
sadness,0.33760683760683763,0.3547008547008547,0.358974358974359,0.1452991452991453,0.07264957264957266,0.07692307692307693,0.18376068376068377,0.18376068376068377
sadness,0.38073394495412843,0.3623853211009174,0.37155963302752293,0.03211009174311927,0.05963302752293578,0.05504587155963303,0.18807339449541285,0.1834862385321101
sadness,0.31020408163265306,0.3306122448979592,0.3142857142857143,0.08571428571428572,0.061224489795918366,0.061224489795918366,0.1673469387755102,0.1673469387755102
sadness,0.30833333333333335,0.32083333333333336,0.30416666666666664,0.07916666666666666,0.06666666666666667,0.06666666666666667,0.16666666666666666,0.17083333333333334
sadness,0.35064935064935066,0.35064935064935066,0.3593073593073593,0.12987012987012986,0.06493506493506493,0.06493506493506493,0.18181818181818182,0.18181818181818182
sadness,0.36637931034482757,0.34913793103448276,0.2672413793103448,0.23275862068965517,0.0603448275862069,0.0603448275862069,0.1810344827586207,0.1810344827586207
sadness,0.3288888888888889,0.3111111111111111,0.3422222222222222,0.1111111111111111,0.06222222222222222,0.06666666666666667,0.18666666666666668,0.18222222222222223
sadness,0.33035714285714285,0.32589285714285715,0.33482142857142855,0.09821428571428571,0.07142857142857142,0.07142857142857142,0.1875,0.18303571428571427
sadness,0.3463203463203463,0.38095238095238093,0.30735930735930733,0.12121212121212122,0.047619047619047616,0.047619047619047616,0.17316017316017315,0.18181818181818182
sadness,0.33195020746887965,0.3112033195020747,0.38589211618257263,0.08713692946058091,0.04979253112033195,0.04564315352697095,0.17012448132780084,0.17427385892116182
sadness,0.34854771784232363,0.3112033195020747,0.3941908713692946,0.1037344398340249,0.04564315352697095,0.04564315352697095,0.17842323651452283,0.17427385892116182
sadness,0.3069306930693069,0.3415841584158416,0.3217821782178218,0.12376237623762376,0.054455445544554455,0.04950495049504951,0.18316831683168316,0.18316831683168316
sadness,0.3251231527093596,0.35467980295566504,0.42857142857142855,0.15270935960591134,0.059113300492610835,0.06403940886699508,0.17733990147783252,0.18226600985221675
sadness,0.35135135135135137,0.36036036036036034,0.4009009009009009,0.13063063063063063,0.03153153153153153,0.036036036036036036,0.18018018018018017,0.19369369369369369
sadness,0.33185840707964603,0.3584070796460177,0.415929203539823,0.13274336283185842,0.061946902654867256,0.061946902654867256,0.19469026548672566,0.19911504424778761
sadness,0.3448275862068966,0.375,0.41810344827586204,0.10775862068965517,0.0603448275862069,0.06465517241379311,0.1896551724137931,0.19827586206896552
sadness,0.3418803418803419,0.36324786324786323,0.2905982905982906,0.1111111111111111,0.07264957264957266,0.0641025641025641,0.1794871794871795,0.18803418803418803
sadness,0.3652173913043478,0.3695652173913043,0.3217391304347826,0.11304347826086956,0.04782608695652174,0.05217391304347826,0.1826086956521739,0.1782608695652174
sadness,0.36681222707423583,0.3799126637554585,0.29694323144104806,0.05240174672489083,0.056768558951965066,0.056768558951965066,0.17467248908296942,0.17903930131004367
sadness,0.3125,0.33482142857142855,0.29464285714285715,0.0625,0.049107142857142856,0.044642857142857144,0.16517857142857142,0.16517857142857142
sadness,0.35545023696682465,0.33175355450236965,0.36492890995260663,0.0947867298578199,0.052132701421800945,0.04739336492890995,0.1848341232227488,0.17535545023696683
sadness,0.3686440677966102,0.3093220338983051,0.23728813559322035,0.09322033898305085,0.07203389830508475,0.07203389830508475,0.1906779661016949,0.18220338983050846
suprise,0.30833333333333335,0.35833333333333334,0.32916666666666666,0.32916666666666666,0.09166666666666666,0.09166666666666666,0.20833333333333334,0.21666666666666667
suprise,0.3408239700374532,0.3333333333333333,0.29213483146067415,0.3333333333333333,0.0749063670411985,0.0749063670411985,0.18352059925093633,0.1797752808988764
suprise,0.3153846153846154,0.3153846153846154,0.36153846153846153,0.3153846153846154,0.06538461538461539,0.06923076923076923,0.19230769230769232,0.18846153846153846
suprise,0.325,0.345,0.355,0.265,0.075,0.07,0.2,0.2
suprise,0.3147208121827411,0.30456852791878175,0.30456852791878175,0.27918781725888325,0.08629441624365482,0.08629441624365482,0.19796954314720813,0.19289340101522842
suprise,0.32786885245901637,0.37158469945355194,0.37158469945355194,0.32786885245901637,0.07650273224043716,0.07103825136612021,0.1912568306010929,0.19672131147540983
suprise,0.28350515463917525,0.30412371134020616,0.30927835051546393,0.30412371134020616,0.05154639175257732,0.05154639175257732,0.16494845360824742,0.17010309278350516
suprise,0.32460732984293195,0.31413612565445026,0.2879581151832461,0.387434554973822,0.08376963350785341,0.08376963350785341,0.193717277486911,0.18324607329842932
suprise,0.27403846153846156,0.2932692307692308,0.3269230769230769,0.3605769230769231,0.04807692307692308,0.052884615384615384,0.16346153846153846,0.16826923076923078
suprise,0.328125,0.3385416666666667,0.3333333333333333,0.34375,0.078125,0.078125,0.19791666666666666,0.203125
suprise,0.3693181818181818,0.3352272727272727,0.29545454545454547,0.32386363636363635,0.07386363636363637,0.07386363636363637,0.18181818181818182,0.18181818181818182
suprise,0.2878787878787879,0.35353535353535354,0.3383838383838384,0.09595959595959595,0.05555555555555555,0.045454545454545456,0.17676767676767677,0.17676767676767677
suprise,0.2894736842105263,0.32105263157894737,0.33157894736842103,0.3368421052631579,0.07368421052631578,0.06842105263157895,0.17894736842105263,0.17894736842105263
suprise,0.30612244897959184,0.3469387755102041,0.29591836734693877,0.3673469387755102,0.0663265306122449,0.0663265306122449,0.18877551020408162,0.19387755102040816
suprise,0.3261802575107296,0.30472103004291845,0.3090128755364807,0.3905579399141631,0.09012875536480687,0.09012875536480687,0.19742489270386265,0.19313304721030042
suprise,0.31521739130434784,0.31521739130434784,0.32608695652173914,0.37318840579710144,0.07246376811594203,0.07246376811594203,0.19202898550724637,0.18478260869565216
suprise,0.35526315789473684,0.30701754385964913,0.32456140350877194,0.33771929824561403,0.09210526315789473,0.09210526315789473,0.19736842105263158,0.19736842105263158
suprise,0.2918454935622318,0.3218884120171674,0.34334763948497854,0.19742489270386265,0.08583690987124463,0.0815450643776824,0.18454935622317598,0.18454935622317598
suprise,0.35080645161290325,0.3629032258064516,0.31048387096774194,0.35080645161290325,0.06854838709677419,0.07258064516129033,0.18951612903225806,0.18548387096774194
suprise,0.3155737704918033,0.30327868852459017,0.3073770491803279,0.29918032786885246,0.09836065573770492,0.0942622950819672,0.18442622950819673,0.1885245901639344
suprise,0.3601694915254237,0.3347457627118644,0.3347457627118644,0.2966101694915254,0.08898305084745763,0.08898305084745763,0.19915254237288135,0.2033898305084746
suprise,0.27413127413127414,0.29343629343629346,0.3667953667953668,0.23166023166023167,0.07722007722007722,0.07335907335907337,0.18146718146718147,0.1776061776061776
suprise,0.29389312977099236,0.3702290076335878,0.32061068702290074,0.24427480916030533,0.08015267175572519,0.08015267175572519,0.1717557251908397,0.183206106870229
suprise,0.3377777777777778,0.30666666666666664,0.3511111111111111,0.21777777777777776,0.07555555555555556,0.07555555555555556,0.19111111111111112,0.18666666666666668
suprise,0.29577464788732394,0.29107981220657275,0.3286384976525822,0.29577464788732394,0.08450704225352113,0.08450704225352113,0.19248826291079812,0.19718309859154928
suprise,0.3153153153153153,0.3153153153153153,0.2972972972972973,0.3063063063063063,0.07657657657657657,0.07657657657657657,0.1981981981981982,0.20270270270270271
suprise,0.3130434782608696,0.3565217391304348,0.3130434782608696,0.32608695652173914,0.09130434782608696,0.08695652173913043,0.19130434782608696,0.1956521739130435
suprise,0.31020408163265306,0.3224489795918367,0.31020408163265306,0.3346938775510204,0.06938775510204082,0.0653061224489796,0.17551020408163265,0.17959183673469387
suprise,0.34418604651162793,0.32558139534883723,0.3953488372093023,0.2558139534883721,0.06976744186046512,0.06976744186046512,0.20465116279069767,0.2
suprise,0.29910714285714285,0.29910714285714285,0.32142857142857145,0.32142857142857145,0.06696428571428571,0.06696428571428571,0.1875,0.1875
suprise,0.33905579399141633,0.3261802575107296,0.3133047210300429,0.33047210300429186,0.07296137339055794,0.06866952789699571,0.18454935622317598,0.18454935622317598
suprise,0.32456140350877194,0.32894736842105265,0.39035087719298245,0.32456140350877194,0.08771929824561403,0.08771929824561403,0.21052631578947367,0.2149122807017544
suprise,0.314410480349345,0.314410480349345,0.32751091703056767,0.3056768558951965,0.09170305676855896,0.09170305676855896,0.1965065502183406,0.20087336244541484
suprise,0.33725490196078434,0.30980392156862746,0.35294117647058826,0.25882352941176473,0.0784313725490196,0.07058823529411765,0.19607843137254902,0.19215686274509805
suprise,0.33191489361702126,0.3021276595744681,0.30638297872340425,0.30638297872340425,0.08085106382978724,0.07659574468085106,0.19574468085106383,0.19148936170212766
suprise,0.3153153153153153,0.3153153153153153,0.32432432432432434,0.4009009009009009,0.06756756756756757,0.06306306306306306,0.1891891891891892,0.1891891891891892
suprise,0.3584070796460177,0.3407079646017699,0.33185840707964603,0.34513274336283184,0.06637168141592921,0.07079646017699115,0.1902654867256637,0.18584070796460178
suprise,0.31932773109243695,0.35294117647058826,0.29831932773109243,0.23109243697478993,0.08403361344537816,0.07983193277310924,0.19747899159663865,0.19747899159663865
suprise,0.33480176211453744,0.36123348017621143,0.32599118942731276,0.3920704845814978,0.08370044052863436,0.07929515418502203,0.19823788546255505,0.19823788546255505
suprise,0.3360323886639676,0.32388663967611336,0.291497975708502,0.2874493927125506,0.07692307692307693,0.0728744939271255,0.1902834008097166,0.1862348178137652
suprise,0.3201754385964912,0.27631578947368424,0.30701754385964913,0.29385964912280704,0.08333333333333333,0.07894736842105263,0.18859649122807018,0.17543859649122806
suprise,0.32231404958677684,0.3305785123966942,0.2892561983471074,0.3512396694214876,0.07851239669421488,0.07851239669421488,0.17355371900826447,0.17768595041322313
suprise,0.29914529914529914,0.3034188034188034,0.3162393162393162,0.37606837606837606,0.08547008547008547,0.08974358974358974,0.18376068376068377,0.18376068376068377
suprise,0.30864197530864196,0.31275720164609055,0.3004115226337449,0.2139917695473251,0.07407407407407407,0.06995884773662552,0.18106995884773663,0.1728395061728395
suprise,0.33195020746887965,0.3112033195020747,0.31950207468879666,0.25311203319502074,0.058091286307053944,0.058091286307053944,0.1825726141078838,0.17012448132780084
suprise,0.3348623853211009,0.3486238532110092,0.3256880733944954,0.3440366972477064,0.07339449541284404,0.06880733944954129,0.18807339449541285,0.1926605504587156
suprise,0.3153846153846154,0.3,0.4346153846153846,0.14615384615384616,0.08461538461538462,0.08461538461538462,0.19230769230769232,0.18846153846153846
suprise,0.29515418502202645,0.29515418502202645,0.30837004405286345,0.33480176211453744,0.05286343612334802,0.05286343612334802,0.1762114537444934,0.17180616740088106
suprise,0.3125,0.3080357142857143,0.2857142857142857,0.2857142857142857,0.08482142857142858,0.08482142857142858,0.1875,0.1875
suprise,0.3076923076923077,0.2948717948717949,0.2948717948717949,0.2863247863247863,0.06837606837606838,0.0641025641025641,0.1752136752136752,0.1752136752136752
suprise,0.3153526970954357,0.34854771784232363,0.35269709543568467,0.2821576763485477,0.07053941908713693,0.07468879668049792,0.18672199170124482,0.1908713692946058
suprise,0.3261802575107296,0.296137339055794,0.3218884120171674,0.4034334763948498,0.06437768240343347,0.060085836909871244,0.19313304721030042,0.1888412017167382
suprise,0.3925619834710744,0.359504132231405,0.3347107438016529,0.16942148760330578,0.06611570247933884,0.06198347107438017,0.19008264462809918,0.17768595041322313
suprise,0.29831932773109243,0.31092436974789917,0.2857142857142857,0.24789915966386555,0.06302521008403361,0.06302521008403361,0.1722689075630252,0.17647058823529413
suprise,0.3187250996015936,0.32270916334661354,0.30278884462151395,0.32270916334661354,0.07569721115537849,0.07569721115537849,0.18326693227091634,0.18725099601593626
suprise,0.3333333333333333,0.32456140350877194,0.3201754385964912,0.3157894736842105,0.08333333333333333,0.08333333333333333,0.18421052631578946,0.18421052631578946
suprise,0.3076923076923077,0.33031674208144796,0.2986425339366516,0.3393665158371041,0.07239819004524888,0.07239819004524888,0.19457013574660634,0.20361990950226244
suprise,0.30666666666666664,0.3333333333333333,0.30666666666666664,0.22666666666666666,0.06222222222222222,0.06222222222222222,0.19111111111111112,0.19111111111111112
suprise,0.2982456140350877,0.3333333333333333,0.35526315789473684,0.31140350877192985,0.07017543859649122,0.07017543859649122,0.18859649122807018,0.19298245614035087
suprise,0.2987551867219917,0.3236514522821577,0.29045643153526973,0.33195020746887965,0.07883817427385892,0.07468879668049792,0.17842323651452283,0.1908713692946058
suprise,0.3442622950819672,0.3360655737704918,0.29918032786885246,0.3155737704918033,0.06557377049180328,0.06967213114754098,0.1762295081967213,0.1762295081967213
suprise,0.34080717488789236,0.31390134529147984,0.2914798206278027,0.21076233183856502,0.07623318385650224,0.07623318385650224,0.17937219730941703,0.17040358744394618
suprise,0.3495575221238938,0.33185840707964603,0.36283185840707965,0.1902654867256637,0.061946902654867256,0.06637168141592921,0.18584070796460178,0.18141592920353983
suprise,0.33796296296296297,0.2916666666666667,0.30092592592592593,0.3888888888888889,0.06481481481481481,0.05555555555555555,0.18055555555555555,0.17592592592592593
suprise,0.3305084745762712,0.3305084745762712,0.3389830508474576,0.3389830508474576,0.07203389830508475,0.07203389830508475,0.18220338983050846,0.1864406779661017
suprise,0.2857142857142857,0.35918367346938773,0.3306122448979592,0.15918367346938775,0.05714285714285714,0.05714285714285714,0.17551020408163265,0.17959183673469387
suprise,0.350597609561753,0.3545816733067729,0.30278884462151395,0.2549800796812749,0.07171314741035857,0.07569721115537849,0.17131474103585656,0.17928286852589642
suprise,0.34782608695652173,0.3557312252964427,0.308300395256917,0.233201581027668,0.05533596837944664,0.05928853754940711,0.16600790513833993,0.16996047430830039
suprise,0.3148936170212766,0.2978723404255319,0.28085106382978725,0.34893617021276596,0.07659574468085106,0.08085106382978724,0.1829787234042553,0.17872340425531916
suprise,0.3056768558951965,0.33624454148471616,0.31877729257641924,0.3231441048034934,0.07860262008733625,0.07860262008733625,0.19213973799126638,0.19213973799126638
suprise,0.3424657534246575,0.3287671232876712,0.3105022831050228,0.4063926940639269,0.0730593607305936,0.0684931506849315,0.1872146118721461,0.1872146118721461
suprise,0.30864197530864196,0.30864197530864196,0.25102880658436216,0.39094650205761317,0.0823045267489712,0.07818930041152264,0.17695473251028807,0.18518518518518517
suprise,0.3167420814479638,0.2986425339366516,0.3076923076923077,0.3212669683257919,0.08144796380090498,0.08597285067873303,0.19457013574660634,0.19004524886877827
suprise,0.31092436974789917,0.29831932773109243,0.3235294117647059,0.3067226890756303,0.06302521008403361,0.058823529411764705,0.17647058823529413,0.17647058823529413
suprise,0.3140096618357488,0.34299516908212563,0.2608695652173913,0.45893719806763283,0.08695652173913043,0.08695652173913043,0.19806763285024154,0.2028985507246377
suprise,0.29333333333333333,0.3333333333333333,0.29333333333333333,0.3688888888888889,0.07555555555555556,0.07555555555555556,0.18666666666666668,0.2
suprise,0.3203463203463203,0.354978354978355,0.2813852813852814,0.26406926406926406,0.09090909090909091,0.08225108225108226,0.19480519480519481,0.19913419913419914
suprise,0.341991341991342,0.3593073593073593,0.29004329004329005,0.2077922077922078,0.0735930735930736,0.0735930735930736,0.18181818181818182,0.19047619047619047
suprise,0.31718061674008813,0.34801762114537443,0.2907488986784141,0.42290748898678415,0.09691629955947137,0.1013215859030837,0.1894273127753304,0.19383259911894274
suprise,0.3231441048034934,0.3537117903930131,0.34934497816593885,0.2314410480349345,0.056768558951965066,0.05240174672489083,0.17467248908296942,0.18777292576419213
suprise,0.35294117647058826,0.33031674208144796,0.29411764705882354,0.3257918552036199,0.07239819004524888,0.07239819004524888,0.17647058823529413,0.17647058823529413
suprise,0.3360995850622407,0.2987551867219917,0.2863070539419087,0.3278008298755187,0.07468879668049792,0.08298755186721991,0.1908713692946058,0.18672199170124482
suprise,0.3147410358565737,0.29880478087649404,0.32270916334661354,0.18725099601593626,0.08366533864541832,0.08366533864541832,0.19123505976095617,0.19123505976095617
suprise,0.35526315789473684,0.3333333333333333,0.32456140350877194,0.4517543859649123,0.08771929824561403,0.08333333333333333,0.19736842105263158,0.19298245614035087
