label,l_eb_l,r_eb_l,u_ll_l,u_rl_l,l_l,l_h
anger,125.08774427492853,107.30583938422731,89.4986290992941,83.31545155702646,58.463663928973865,30.479501308256342
anger,127.73669850877454,96.06310933842684,91.68224136694019,84.70139741709221,54.405882034941776,31.240998703626616
anger,116.59790696631205,101.28998867305049,93.71518097221643,84.64192938077491,57.271284253105414,30.479501308256342
anger,104.5620557745535,87.74043754731515,78.56355964487356,78.14883815799769,47.29693436154187,28.30194339616981
anger,76.36121051202436,74.34539595977955,64.64317262237384,57.716018834325276,44.64302857109943,21.93171219946131
anger,80.60161636714582,68.10341695002435,66.70988175141193,71.58946695843586,45.880278987817846,27.018512172212592
anger,82.92428261168082,74.70089775130674,58.79674917865735,58.43441205055637,38.07886552931954,23.430749027719962
anger,87.73266434601119,71.98046797835576,58.5865588114837,55.47678736699882,44.01136216933077,29.732137494637012
anger,97.00481132358554,87.97137314756776,75.79943423840425,62.64306044943742,56.753854494650845,32.526911934581186
anger,83.17158015232093,72.56997102804337,65.11690815281959,70.94218676916168,52.20153254455275,30.479501308256342
anger,76.6291878305536,55.999347405782956,68.19410945676135,67.37065185820285,42.15447781671598,29.0
anger,89.90627784937153,76.71715791242008,71.70085535191444,62.730851615608834,42.20189569201838,22.67156809750927
anger,93.3411211724709,91.42333818654825,66.18674657950501,63.830662386138314,50.00999900019995,31.240998703626616
anger,87.66216409985383,67.6540038157695,59.73382854233291,69.08514581789268,47.75981574503821,33.28663395418648
anger,127.0176061743886,99.48874727848096,79.6937673805483,79.69692054380107,59.481089431852205,41.617304093369626
anger,100.75709081766507,91.14564293357407,83.79059935137902,85.18184734922005,73.76313442364011,46.61544808322666
anger,119.76607225017233,91.76940048130496,74.3527119333672,74.54657340538832,50.28916384272063,29.0
anger,92.13542249659514,85.1991147161115,69.5670358742416,67.38286772534627,47.53945729601885,31.064449134018133
anger,109.90634842523508,91.3939499272439,83.09822307912468,79.50632174697442,56.302753041036986,37.44329045369811
anger,116.69267328794734,91.42263476093538,88.10523637570927,91.40229002629562,51.54609587543949,30.479501308256342
anger,134.5238352041407,120.90345824427821,73.82413623733272,67.27754954148429,59.135437767890075,39.11521443121589
anger,114.19204951250029,105.76494612417295,82.34713137067777,77.76628644531459,46.32493928760188,23.853720883753127
anger,100.14781591075104,86.22838048003953,75.05381980499517,63.76381102744688,53.600373133029585,29.732137494637012
anger,145.7458671951723,114.27125362321847,88.76882050362195,98.69495260268565,70.26378868236469,54.91812087098393
anger,140.94182110716778,115.54565057466348,75.79620709629944,86.87896857028632,59.50630218724736,44.721359549995796
anger,156.133750396248,124.83381453717897,98.01030721248759,93.33473329801566,65.79513659838392,51.31276644267
anger,127.38511764476468,113.88085306566012,75.96669266682481,77.09839540617114,50.0,29.732137494637012
anger,126.23108571701712,106.71928081296703,70.61538702656176,70.38858678084925,55.08175741568164,32.526911934581186
anger,122.78806004411882,102.3774158865847,69.20353254163707,70.12224071190107,54.56189146281496,40.24922359499622
anger,120.52178536380467,105.40417926103302,84.067694295769,70.37657686720549,72.61542535852834,47.80167361086848
anger,137.3910829358804,103.81827150300433,77.15569128610423,78.57813984837252,52.55473337388365,37.589892258425
anger,93.15186117586616,74.94719671966058,80.92944401501562,83.25899171237043,53.85164807134504,37.8021163428716
anger,117.69529339469466,104.40277474844117,67.14702901831666,75.58656158976808,55.47071299343465,39.11521443121589
anger,97.55980835131646,91.71516241150863,83.37655309965925,68.77124996972603,63.89053137985315,42.638011210655684
anger,104.5398466483298,97.36628251250613,74.58628269959354,78.51943925878102,50.0,30.4138126514911
anger,106.24905508723518,107.50888376512913,71.55815987040273,76.98073830791401,45.5411901469428,31.064449134018133
anger,101.24624273085561,88.64897517151032,76.51546686868775,69.86098203048432,45.60701700396552,27.202941017470888
anger,141.7229095844914,114.47822538047741,78.68915898111902,88.34119409414458,58.180752831155424,45.27692569068709
anger,93.81482549847452,98.50682745491191,80.13015572935025,71.66472389900194,59.09314681077663,38.18376618407357
anger,113.16297802933765,94.39191792360091,78.58090755791896,83.83784863137726,58.872744118140105,46.95742752749558
anger,143.67289741734248,119.77451291060476,85.71030878403218,97.30552748919868,60.41522986797286,44.10215414239989
anger,121.22081589562106,90.18460294602313,68.62090439317589,79.24937810560445,68.47627326307996,47.01063709417264
anger,127.3965851175443,102.05265935097324,87.79436206611761,106.49245366074462,77.38862965578342,61.29437168288782
anger,116.90210552508023,100.15019720168367,80.56805672883063,75.90934148461653,59.464274989274024,44.94441010848846
anger,146.5015541160745,137.59086275007087,78.64511634844779,81.56795466916905,53.75872022286245,39.408120990476064
anger,109.19130348985414,96.70120501982352,70.07733314186999,66.1593198952488,56.293871780150276,32.55764119219941
anger,148.2821071868886,119.23928428515873,87.86587195924048,106.11556904620994,65.21502894272147,62.96824596572466
anger,95.12755954966906,80.92721097573629,71.61292067738086,66.51759213532064,47.43416490252569,31.144823004794873
anger,88.72663077497859,79.18106936270937,88.75809746674267,77.35166788928821,80.77747210701756,57.8013840664737
anger,125.72099599473586,102.87224680088349,80.30298503943858,70.6134728420366,43.68065933568311,26.248809496813376
anger,118.32789973508156,93.41605423109672,82.4621709897942,75.98194775440155,56.293871780150276,31.622776601683793
anger,116.44681435136192,112.54477643208475,81.05986157587536,83.5289734797997,45.880278987817846,26.1725046566048
anger,114.52439028977005,95.41436902246689,76.09450964880463,83.82612237277047,56.089214649520635,28.42534080710379
anger,127.45989637307929,105.22340421904427,73.6639027676146,83.915726762871,60.41522986797286,47.01063709417264
anger,94.38828048120132,89.48767548294427,76.24936179348552,56.59572885917153,59.481089431852205,37.48332962798263
anger,115.54409384471028,93.14119562690215,75.24697714719477,66.04291513956372,50.99019513592785,27.65863337187866
anger,99.28112606682004,93.15605652257656,78.79268226196682,82.8181771693836,66.03029607687671,60.41522986797286
anger,115.15605577079859,113.01516402152782,75.93586852929442,74.41201990251581,50.00999900019995,25.45584412271571
anger,113.45673939301847,100.10977749608261,81.62888555849165,90.8775625732551,52.49761899362675,36.05551275463989
anger,142.3271320206353,127.7875110558922,79.53754902875383,77.49631372121374,60.74537019394976,47.885279575251516
anger,111.48882160790609,95.7269716798892,66.10297857645783,74.87934950768373,55.036351623268054,42.04759208325728
anger,98.48067403647994,86.95126584970501,66.98099457758876,63.70641466990249,54.405882034941776,36.40054944640259
anger,110.60586200871228,91.81332128144123,75.93586852929442,81.69045477558593,52.55473337388365,34.713109915419565
anger,89.03442517738235,86.14927415961628,75.93456803423803,74.18531901138033,51.66236541235796,34.058772731852805
anger,105.45907924306923,85.0826611815786,69.73213749463702,63.90276963828225,44.384682042344295,24.041630560342615
anger,116.00488477838414,98.68389549083828,74.82101927384014,74.09868828271415,55.90169943749474,27.65863337187866
anger,114.61531198912101,87.84824266683825,85.91822305896238,84.40172017915606,56.04462507680822,37.8021163428716
anger,139.00359969454954,110.37861025549964,75.3881301395876,74.82698366420317,41.7612260356422,20.518284528683193
anger,145.93837128304318,129.38650186291878,90.44173542371689,88.61547262794322,72.49827584156743,54.70831746635972
anger,130.428461332307,98.52624915724053,83.54783632812726,95.3021752176966,68.24221567329127,65.19202405202648
disgust,130.463943098841,117.65398712715043,83.8237490281596,82.91143164511786,78.54934754662193,68.87670143089025
disgust,124.23276834267674,103.11979750864043,91.25648232646165,88.04116956284787,73.79024325749306,57.4543296888929
disgust,110.5152655843086,102.4910866283112,86.71671698625227,81.97504952074021,62.93647591023825,37.53664875824692
disgust,99.19034425558272,89.40456269174754,80.83207355836598,72.48547039968209,54.405882034941776,36.359317925395686
disgust,75.32507536192965,81.94386432350584,64.21756196015497,52.45091298948787,52.80151512977634,35.4682957019364
disgust,71.33832159651683,67.82069542255404,69.2003720161918,71.24837210856137,56.79788728465171,42.01190307520001
disgust,86.37362188082191,83.86226516830637,56.83986786590299,48.48537154644487,42.720018726587654,26.90724809414742
disgust,76.43900277412237,71.10736919266111,63.52843802923483,69.40906186338735,40.26164427839479,22.67156809750927
disgust,95.7124006664259,85.72844531245221,71.27077939951565,75.63040460179843,48.373546489791295,37.44329045369811
disgust,84.15763806454332,76.96979791387642,68.96190550390071,57.38608199952613,55.362442142665635,37.53664875824692
disgust,66.41235860692738,55.5114872027862,62.282775150446554,63.37708681066658,43.41658669218482,33.015148038438355
disgust,80.31232598997492,80.53613972501556,63.99064982331318,57.58721533708278,50.15974481593781,34.20526275297414
disgust,71.10985533497526,65.97502312747058,67.28185888419657,70.42123464644419,42.37924020083418,30.0
disgust,120.07854285582835,102.85682338525766,78.4112740303878,70.03301929408298,55.94640292279746,37.8021163428716
disgust,106.35065486265674,101.46848692690932,81.31628674137164,60.66129740754373,63.56099432828282,41.23105625617661
disgust,93.47569563922468,91.28341155146212,71.80186911806538,69.46190986447017,54.817880294662984,36.40054944640259
disgust,86.43013395760164,76.3868771190248,89.2802670478066,75.64137859206504,54.78138369920935,33.60059523282288
disgust,126.86103001273779,116.73369819691099,79.66542838883291,78.56898262261704,67.67569726275453,47.20169488482379
disgust,125.70602717740363,100.99805645842025,74.67590071146279,78.26237921249265,51.62363799656123,36.05551275463989
disgust,103.64557571150932,93.75801488907064,92.58964821901534,91.12100153631341,65.7875368135941,44.82186966202994
disgust,93.4485035556323,86.58207443421912,78.51513270429999,72.53246456512778,60.74537019394976,39.6232255123179
disgust,121.9409652514372,100.67540844007578,94.41939718173555,87.50827880312514,65.30696746902278,48.010415536631214
disgust,93.55958966547118,101.56673420775402,74.2944691807002,61.20549505051625,54.70831746635972,37.53664875824692
disgust,108.35863782087016,99.01785898485367,70.36142508579599,67.58017294953872,55.71355310873648,38.2099463490856
disgust,125.26366114837526,102.24352323961054,82.32234072077591,70.88193657113521,65.7875368135941,47.43416490252569
disgust,113.53633620679787,121.60894291178442,74.71260987242782,63.912848085864105,50.32891812864648,37.8021163428716
disgust,90.21864559428731,79.799914162529,68.99868658906743,65.50584228368629,54.78138369920935,39.408120990476064
disgust,141.88885150400074,119.19402089445873,75.29962307113983,80.09278204498798,71.11258679024411,50.47771785649585
disgust,111.31012731915563,98.84527362008637,83.20248437620924,90.79148015615458,71.30918594402827,41.72529209005013
disgust,106.77566073907884,93.55399093568712,78.9745947222309,82.95309061734092,53.665631459994955,34.655446902326915
disgust,110.62094649226471,100.3655056791248,82.24064904751475,74.33047279832195,59.413803110051795,36.40054944640259
disgust,99.25851985786565,105.06093448384456,83.08559683696487,75.21703201432983,73.824115301167,53.600373133029585
disgust,100.68236100617048,88.68547676883871,83.96242187729902,71.1038125142352,62.93647591023825,44.94441010848846
disgust,113.37891841866784,96.05448450594604,78.8773527599339,90.05021758934045,50.0,25.553864678361276
disgust,128.98338460104105,111.55478633608985,86.82652876150794,74.10569143218403,74.33034373659252,52.69724850502159
disgust,136.7253175610536,115.82414273257692,72.22134217794131,89.16612096860638,68.0294054067798,47.43416490252569
disgust,112.29199793548115,106.8092228678762,61.11815473167558,74.85527848502127,50.15974481593781,31.240998703626616
disgust,135.69043484580195,112.96415567895994,82.377316020524,98.19517255643204,64.8459713474939,45.27692569068709
disgust,109.78422842593884,94.78228790224577,81.07988201560897,75.85504729788455,64.07807737440318,48.02082881417188
disgust,94.13862525696169,108.84977810396867,77.30388255816123,73.5788690868569,55.65968020030299,36.87817782917155
disgust,99.11303604076897,93.59495446096915,81.17598542350476,70.76461556381926,57.723478758647246,34.713109915419565
disgust,91.17914238614193,88.84725472058031,65.09782203473138,67.30786587698721,53.225933528685054,36.87817782917155
disgust,94.20932210920195,82.38542479491312,71.71187434911599,64.16500962524587,54.120236510939236,33.015148038438355
disgust,110.32585986957253,103.33054609305987,78.57898790732057,75.74322732253009,62.6418390534633,46.32493928760188
disgust,135.80098214939852,114.58860917220807,75.4138126514911,71.45496668185419,54.230987451824994,44.77722635447622
disgust,119.2089820692149,93.30461190377991,80.12826765748198,86.21592037800802,69.31810730249349,53.665631459994955
disgust,132.21748502517417,119.32012691938507,87.8039161642935,103.00548688365603,81.83520025025906,63.28506932918696
disgust,143.18562026595288,121.12106781657735,82.89030662641497,91.14201946371085,74.0,48.82622246293481
disgust,129.3302495414001,98.92652170872776,92.20508330761669,92.11503818504468,74.84650960465692,52.009614495783374
disgust,120.95479614393912,93.75440751250042,84.47512173065152,93.03355736094144,59.135437767890075,36.069377593742864
disgust,113.26528762725661,98.92533473146725,80.81345164209665,79.89726033336743,50.695167422546305,29.0
disgust,168.8584755093543,130.02340967061505,80.89301882656399,75.53252285859257,57.245087125446844,35.38361202590826
disgust,130.9524332055776,103.07518408069421,87.27319800548185,88.089126136124,70.9365914038728,49.4064773081425
fear,151.59742460411348,133.27260165400816,99.53044429918876,94.83158402055972,90.47651629014017,58.60034129593445
fear,172.55674275242478,123.84080934796108,107.34989351193406,101.18341769119198,80.95677859203639,51.40038910358559
fear,128.25744462647697,105.9845249843029,80.31033301459226,80.04131286443032,60.40695324215582,40.70626487409524
fear,93.20794920575904,91.58273350763855,67.32972919263065,58.80989002863286,59.033888572581766,40.0
fear,84.85246628132012,68.64141590694871,70.61538702656176,81.45055954615938,63.071388124885914,43.01162633521314
fear,73.04455544626933,73.30048079787488,63.189085405843265,54.157613267351095,56.08029957123981,42.20189569201838
fear,99.31201094868322,86.26291069778941,78.47752749853692,73.05771154485473,63.694583757176716,45.221676218380054
fear,91.64397240568871,78.98439926325759,77.1663023971627,79.68319589571988,61.71709649683789,46.647615158762406
fear,88.7836211620156,67.42611927623335,74.99168719614843,61.623242272104136,61.26989472816156,40.607881008493905
fear,103.94593356613488,89.14677742641231,72.6349255290812,77.43416490252568,66.21933252457322,40.22437072223753
fear,142.87406149309527,118.76960861691163,71.18668716145072,80.30331828455705,56.92099788303083,36.235341863986875
fear,113.41346876981096,96.87315222990298,96.56067107467865,106.84057447444896,86.37708029332781,56.61271941887264
fear,95.47831339974297,81.52101904803902,78.02353409454672,80.56456556291766,73.05477397131553,47.80167361086848
fear,109.66304547645606,84.26919589300215,90.30022548534967,84.14086353683695,78.43468620451031,51.73973328110612
fear,137.42961594706372,126.33168873344285,79.5978792057102,82.94749697063935,58.309518948453004,39.698866482558415
fear,160.47623179371507,122.57491552812161,95.05478564046624,99.90768680481358,81.04319835741924,55.94640292279746
fear,137.65999278170614,103.23515500364186,78.155315846459,91.23534186398687,57.77542730261716,37.73592452822641
fear,105.6269344612978,86.37658196781808,78.31373768237754,78.83646178829912,64.25729530566937,44.40720662234904
fear,136.53453657342456,98.31867809008364,82.7561478659173,100.00146234621491,70.51950084905593,43.04648650006177
fear,160.60627899598163,135.4286900947397,81.96526157944953,77.81539861532224,78.89233169326408,59.941638282582836
fear,103.4191087106841,90.30549035554759,93.29588770309661,80.23709872451428,77.47257579298626,47.4236228055175
fear,125.81832778773855,102.69394770709796,73.56135149625926,74.76824962376837,53.225933528685054,38.27531841800928
fear,139.15367283660075,110.68228475220562,99.30570493533196,92.4132672805562,86.00581375697809,63.60031446463138
fear,160.22074378786328,126.22924684015734,82.04717904363798,93.44017969625418,69.31810730249349,50.11985634456667
fear,152.13195125335642,115.47396870113286,107.83003526268217,98.85155280774862,84.52810183601665,65.86349520030045
fear,130.1806792717057,110.34633227722274,79.41913924763934,77.17476683572097,51.62363799656123,37.44329045369811
fear,126.88419299850773,108.92824132321553,72.48834345806259,79.78915491685298,58.309518948453004,43.04648650006177
fear,123.13257404772182,99.97613339416688,73.6639027676146,74.9666481275434,49.9799959983992,35.510561809129406
fear,113.00556191949504,88.56115815140086,79.51836949458617,82.04001921252309,72.73238618387272,51.10772935672255
fear,130.17595841316887,103.55393313180485,82.2366105856963,88.35533905932738,63.06346010171025,51.42956348249516
fear,115.54125528250816,84.73428370200412,88.4682957019364,82.53140250485572,70.00714249274856,50.47771785649585
fear,110.99958758988873,89.12038954749846,70.48616693948028,79.44697427948753,55.036351623268054,36.40054944640259
fear,132.9453180227535,94.82711247131367,84.98032611765366,94.89114227315383,70.83078426785913,38.897300677553446
fear,140.13939003210731,128.02824579333353,97.19232643239857,78.42422818812231,79.05694150420949,56.60388679233962
fear,135.52223011383626,120.15294199275488,85.79669414681098,90.77708763999664,63.50590523722971,49.658836071740545
fear,147.62689653437133,112.61802430996602,94.36851512329059,95.6981842482214,63.15853069855251,45.221676218380054
fear,134.96705361217613,119.55144559873416,91.22670313973899,103.47782912571141,75.23961722390672,46.861498055439924
fear,142.82913094296217,113.29537983070875,81.19859981038243,86.95401404032157,61.40032573203501,42.80186911806539
fear,135.16703795925616,117.38373129215086,79.02935581050289,83.79039776810129,64.07027391856539,58.60034129593445
fear,110.42004905424487,96.07188650629087,81.71818508675048,87.00677788275048,76.24303246854758,52.69724850502159
fear,176.61383197361204,154.14253373880942,92.63658526697415,110.3075916831636,76.05918747922567,45.34313619501854
fear,124.17858394748714,90.47341119624112,85.80126901319878,84.27915254012464,59.481089431852205,50.08991914547278
fear,138.381634980967,117.41456395185944,65.29805824244161,84.95821125287114,51.97114584074513,39.824615503479755
fear,138.9750164357913,113.80382392230804,89.42063637033345,104.57147518085971,66.85057965343307,54.120236510939236
fear,137.8598203289251,114.8693675250374,88.69247124675209,105.06271740346685,67.80117993073571,57.271284253105414
fear,153.1197143291489,127.30585246292809,89.40034208946354,85.87572222095267,62.39390995922599,47.16990566028302
fear,135.21247549520686,108.44606494218593,86.74264062673062,86.4914937949167,67.11929677819934,51.42956348249516
fear,124.97115872641363,101.0943856479602,101.29275023089696,92.85087733041411,84.11896337925236,46.861498055439924
fear,115.14552593876766,93.71965590265897,68.73890051600544,71.91971286935669,50.32891812864648,39.66106403010388
fear,97.10093192433227,78.09667340246895,72.73806914603821,68.63895698658871,54.91812087098393,27.586228448267445
fear,137.62332230335176,115.26784894248966,85.09710892704601,96.81214647919413,73.24616030891995,64.47480127925948
fear,141.9184742419893,113.90800094933253,83.52975026364886,69.5394165546225,67.35725647619564,41.773197148410844
fear,124.17283500793235,104.66898062049188,75.31912944252923,78.61707356049874,58.180752831155424,42.43819034784589
fear,124.3360924945963,94.9677482630518,87.96721773819695,94.39817798825779,75.15317691222374,56.43580423808985
fear,143.52424917357226,120.13189019350929,87.15405134234052,101.94533351519581,65.55150646628954,49.73932046178355
fear,143.50283273860694,113.5960594854414,80.11202005385181,82.12309574248559,54.817880294662984,40.607881008493905
fear,151.96208705807874,116.11509820732273,82.97490495709894,93.13867994602504,66.64082832618455,50.99019513592785
fear,132.12525697393914,105.13684548402443,72.33549901306515,72.5848628367664,54.62600113499065,38.8329756778952
fear,130.9266386397685,102.47915827643503,72.0805100427104,74.69655529667415,57.4543296888929,49.64876634922564
fear,123.38971513537037,89.65017338014229,84.91560321294918,76.587594694949,61.61168720299745,46.04345773288535
fear,131.5375391254757,106.09761355577807,76.48681640488086,83.30188916406361,55.94640292279746,49.24428900898052
fear,126.24265630781582,94.26397524058737,85.49081057123354,112.36196011250826,77.93587107359485,63.52952069707436
fear,131.55817713423752,106.78404812180796,84.64192938077491,98.80383963244788,69.77105417004964,48.54894437575342
fear,129.2083386756212,99.80320420986445,76.48795919981342,78.88111361749748,52.55473337388365,38.07886552931954
fear,144.131367129616,121.38874334507177,83.06121510551392,91.73053883420826,70.51950084905593,48.02082881417188
fear,143.98739693304242,121.75180794937037,80.1609333898394,79.50469081943794,62.76941930590086,51.42956348249516
fear,133.6412817334218,101.25849164308121,87.55687160388013,86.96483209070581,62.16912416947821,49.09175083453431
fear,144.31945963604338,123.31215945915145,78.24076634462578,92.09812147559433,74.33034373659252,62.16912416947821
fear,132.91342614564778,102.00602708752513,75.75642699894343,86.13042344615268,57.697486947006624,46.61544808322666
fear,121.00334707267777,93.3873361157287,75.19025409588535,85.3138411774855,53.71219600798314,38.01315561749642
fear,110.14342818124928,87.52312245728092,79.4616823809373,83.81106572524891,61.09828148156051,43.56604182158393
fear,110.89053925263674,90.24534018851489,81.44521116912122,89.93016578982969,64.4980619863884,55.46169849544819
fear,116.52713713219046,92.35776829998608,74.45924374258158,79.55108796811962,53.16013544000805,34.20526275297414
fear,113.83717262083599,93.72703217421815,82.73959945018234,86.715133054988,76.32168761236873,52.43090691567332
fear,129.42741202468824,109.70106225111365,78.6751636061523,80.11967507038702,64.19501538281614,46.04345773288535
fear,114.85119723130111,84.04231391157292,84.96248802102401,92.29820972478473,67.4166151627327,60.92618484691127
fear,152.75053217314343,117.9113998969639,81.46802992586261,81.03451175613357,50.08991914547278,39.824615503479755
fear,145.11253957607568,133.80559922097046,87.93326890942228,90.302753041037,71.11961754677819,56.824290580701486
fear,131.1599963640358,97.1523360059791,87.13538454937759,86.97872549482912,78.0,55.21775076911409
joy,124.16374519330711,116.88962532336525,95.85055726926171,89.58868050456934,93.637599285757,61.29437168288782
joy,123.98803084172982,104.16560556545011,100.03221687080752,84.61441805336342,81.9084855189009,53.600373133029585
joy,118.4629434410843,103.29251026092419,101.55580872887414,89.8709995636187,92.65527507918802,61.220911460055866
joy,135.32149610383502,123.60472909017676,91.18155831001607,88.0538446348859,76.53757247260981,46.69047011971501
joy,136.50152282053028,127.4442602371349,97.02361434907951,89.47752489241077,90.44335243676011,56.85068161420758
joy,116.85870772786598,106.09759740874532,81.06676080841407,76.80210979940887,56.515484603779164,32.449961479175904
joy,99.53818416129798,95.95158157818052,70.51347506568058,62.02172886644267,66.85057965343307,44.40720662234904
joy,113.1537646128649,102.51171185880989,81.92326807549506,78.01698958582674,71.16881339463234,46.52956049652737
joy,92.74015149697654,82.83925247947737,69.33596534022807,76.57065139086686,61.35144660071187,39.824615503479755
joy,91.41841895976852,78.88703889951515,71.18490147588341,80.0068118709418,69.07966415668217,47.80167361086848
joy,90.40451733745097,86.775923264147,64.44378175626483,71.02603585128959,58.05170109479997,30.4138126514911
joy,101.31792192795348,88.28156488624722,65.86433969848966,58.43894517516139,63.56099432828282,43.41658669218482
joy,117.572298463924,113.26913177331609,75.77020755745316,68.54158406802568,69.07966415668217,49.09175083453431
joy,89.78124175038846,79.7071350270487,78.06813234096634,71.55088655302978,71.58910531638176,50.0
joy,90.66732041316902,75.46460766124977,74.99168719614843,55.383065613226066,58.180752831155424,40.607881008493905
joy,103.78256812899713,90.92586239854501,66.37584948052145,61.55460419812008,53.45091205957107,31.11269837220809
joy,108.06020267873586,104.14492209755699,67.43133006076138,73.7891934029302,63.324560795950255,39.20459156782532
joy,108.06020267873586,103.73793808824036,73.99658203135326,76.75715144701158,73.49829930005184,43.60045871318328
joy,102.09285844956023,88.87617359738977,66.02200526069645,69.59007641167646,58.240879114244144,36.235341863986875
joy,96.0284787375752,85.73600929863568,71.92430056746669,76.70912190400763,68.0294054067798,47.70744176750625
joy,138.73689562221384,117.35253876632544,86.97057550292607,82.10405388322278,65.79513659838392,49.64876634922564
joy,124.85294232689316,114.0017941015369,93.09198378331669,77.24594614487138,83.38465086573187,59.07622195096772
joy,119.80849480887858,114.66181115758324,109.28393501701207,98.33927786514255,99.45853407325085,66.88796603276258
joy,121.94441010848846,109.6575102649197,91.55539055232717,96.10665785742012,81.21576201698781,46.69047011971501
joy,121.02634563751953,109.46265506552551,91.51068706702446,98.36038370717992,88.25531145489205,58.52349955359813
joy,130.93265157998795,106.85119909583798,83.90611226708764,75.10979347103968,71.30918594402827,48.91829923454004
joy,125.22512722033254,107.84856404971262,90.33521406470479,77.01041553663121,80.62257748298549,56.08029957123981
joy,101.17803617890476,94.03068153483255,76.35168117880463,79.76859126656221,74.46475676452586,47.634021455258214
joy,114.18238461282317,96.63120266694388,94.36093933894841,88.90875684823449,79.07591289387686,45.27692569068709
joy,111.26413336441632,100.87859473017353,95.802491771411,89.23534186398687,89.69392398596462,65.5133574166368
joy,131.68843288205608,115.5377117379825,89.58564473930505,80.02222064419462,86.35392289873113,62.42595614005443
joy,141.70254437109188,126.51670669320029,90.87416262666025,82.3681552946998,76.55063683601855,43.93176527297759
joy,139.8233986086755,127.61573079583394,93.8026937224839,85.5269119345812,81.93289937503738,48.27007354458868
joy,125.95831791270595,104.49927499830727,97.28616830005332,87.51567449402151,81.30190649671138,44.40720662234904
joy,123.21428917539373,103.31544039456818,98.54067971787762,87.62041281301735,86.83317338436964,53.85164807134504
joy,120.43709501011617,115.23471657208597,86.83592184964755,101.72915259701404,84.01190391843289,43.139309220245984
joy,119.65064991266583,107.34696293298802,90.00909015790026,81.85160982673747,76.02631123499285,57.688820407423826
joy,107.86469622293943,79.14461770006436,70.3062471748551,73.72311083102949,59.135437767890075,39.408120990476064
joy,102.46311709667233,78.59966675455388,72.83606136418473,74.94415420555582,68.00735254367721,43.829214001622255
joy,111.66106865765055,95.41198279269379,79.56033057449434,79.3724124202627,69.8927750200262,44.68780594300866
joy,139.84705382819186,112.34265749245168,80.43877084395587,90.88000811790803,65.25335240430181,43.04648650006177
joy,133.84888229119852,111.50391900069597,82.4568628658609,91.90409994002624,75.58438992278762,49.92995093127971
joy,115.50946577872118,112.90820409761966,81.28161267342433,90.13907230309262,72.09022125087424,45.34313619501854
joy,116.50610442888546,113.87880854039481,84.45056353774694,87.20194556145641,77.07788269017254,49.51767361255979
joy,137.13839068976554,124.85646886009266,93.69131464028483,91.233591648872,92.11405973031478,64.41273166075166
joy,110.55996453900424,95.50927189635033,86.20258994761342,83.33019017472384,86.16263691415206,57.201398584300364
joy,123.68289755352205,112.12535228382242,85.32252286791115,77.83181811524629,71.8679344353238,43.840620433565945
joy,111.88020228370954,94.39051851428304,75.787883722334,66.85142463362622,57.97413216254298,31.827660925679098
joy,101.15276373672674,90.3859234184167,82.23503039573411,69.77627466772542,70.22819946431775,45.45327270945405
joy,142.0580513149683,113.69748915239765,91.98730339081456,88.9646761604107,68.6804193347711,46.22769732530488
joy,140.48379268508435,115.40054335313863,100.15996810374305,95.44444451591113,92.11405973031478,66.61080993352356
joy,131.3146731657331,109.41624774011268,75.92969573815752,76.41307836451878,65.73431371817918,38.2099463490856
joy,125.13613495193222,107.42255233306668,86.17020600182687,81.96742445529729,78.43468620451031,52.630789467763066
joy,148.20852989002424,124.05054903216481,100.64120508770844,86.10600576864312,73.7360156233031,50.60632371551998
joy,136.68344918488893,121.8527635093096,104.90128025691138,82.93539028240164,92.70382947861431,66.61080993352356
joy,125.07376150067064,117.77443416161927,82.6378964181032,73.43324873179209,60.166435825965294,33.97057550292606
joy,115.94768003513866,116.82415255987459,87.3261651126426,73.46169923976797,75.27283706623525,46.09772228646444
joy,120.06878844053394,105.03978000100989,77.8539444560216,78.6540770681454,70.09279563550022,42.44997055358225
joy,118.3160677372607,107.56908196510958,80.53565677218664,78.45570291023454,78.43468620451031,52.630789467763066
joy,110.922083149838,93.63559994455866,80.57847000637129,68.69011669166858,57.97413216254298,35.4682957019364
joy,118.21672868257791,109.78491026084306,80.23140862022969,64.16991927919658,63.324560795950255,39.6232255123179
joy,116.62310167082275,108.83196111939077,84.11593539104064,76.38386749973077,78.44743462982075,51.40038910358559
joy,121.28993017297921,104.6341638349841,76.14482300479487,78.62087126665915,61.032778078668514,41.677331968349414
joy,120.24956237008001,101.13099452410236,81.39597988120461,81.03452033626671,74.63243262818116,51.97114584074513
joy,131.8277621089422,110.52962431620197,81.20911669215963,82.17567828380683,71.47027354082255,43.01162633521314
joy,120.87384408586385,110.13187935278278,88.40588203494178,85.73734747445953,87.31551981177229,54.817880294662984
joy,143.96808021107827,129.8999113154963,78.73138948848984,77.62124273843705,81.02468759581859,56.4003546088143
joy,122.7819749357883,92.3880667320752,74.58831033201156,72.06328254333428,59.80802621722272,39.824615503479755
joy,102.34050373743081,99.5677609690353,90.32513480226649,76.6341272905481,83.21658488546619,53.75872022286245
joy,102.73032548032658,86.54068975353132,78.46440018604953,88.37433086275088,72.73238618387272,44.68780594300866
joy,101.55636491775999,85.68208667004876,83.2499195725102,91.40338058485744,83.16850365372699,49.51767361255979
joy,105.0466029860699,92.4040686925671,75.11951269060222,74.95490130363116,68.00735254367721,41.23105625617661
joy,99.70063954117134,87.34900010303555,80.93817026550333,81.09546256402962,78.74642849044012,49.040799340956916
joy,126.55459478048809,112.94594826987392,79.77418342600646,82.86686154637849,71.5122367151245,52.15361924162119
joy,125.65273398827357,116.66632826156842,92.62120806062333,90.04198820638922,90.75791976461338,59.81638571495272
joy,149.04328958978653,124.30952915885129,96.75006825477459,99.77556373076678,72.61542535852834,51.31276644267
joy,138.33403960146805,116.16094051042101,98.9928866621161,95.65168049853013,83.81527307120105,51.85556864985669
joy,110.52858725540764,98.62585045754781,80.49084895909542,78.62216504240388,61.68468205316454,41.677331968349414
joy,119.51007060999326,118.79320536513984,80.46467967323927,76.21729820828702,71.16881339463234,49.09175083453431
joy,119.23330772186492,98.1447120317562,74.07996002143962,76.1638161136481,53.14132102234569,34.828149534535996
joy,107.70371051201434,93.56590688246968,72.9913716596957,75.6476151587624,68.54195795277518,46.87216658103186
joy,127.26596120833344,114.79709483950717,84.9162197878658,80.30300888749046,69.35416353759881,45.254833995939045
joy,126.8251932912323,112.358112499963,89.2352600972533,92.42753677741388,80.32434251209281,52.478567053607705
joy,126.3596851955313,117.1616335987372,91.07970062296437,94.9923577475636,86.02325267042627,55.47071299343465
joy,126.67508531028577,121.67077284953811,83.69051437829566,72.7761754766895,66.48308055437865,44.04543109109048
joy,123.26720777108955,119.39104066913781,85.48068254750298,71.48784737350091,76.69419795525604,55.0
joy,130.24632799155455,106.49990334749774,83.00581632309209,74.15060212366264,72.80109889280519,49.09175083453431
joy,110.59061916186957,99.88373145952892,96.21811911504227,89.65968020030299,96.13532129243653,58.25804665451803
joy,113.34758323617184,92.5423763805324,82.04717904363798,78.68915898111902,68.96375859826666,50.60632371551998
joy,117.486331581167,110.29081503361537,82.54259983895314,80.67085362803407,80.99382692526635,59.16924876994806
joy,123.97940127567571,118.48125525265984,94.42468796789149,96.73006403438393,88.23831367382311,56.586217403180434
joy,108.20061047111432,81.38589524098764,79.90090076241576,70.0011823811191,62.96824596572466,46.87216658103186
joy,101.86277668007631,84.23328582189247,83.7035171071301,67.07741827129112,76.55063683601855,52.43090691567332
joy,132.23858874921112,119.9719351109861,64.6641002002282,78.80820416928081,59.665735560705194,31.400636936215164
joy,132.49946642154396,109.31437064276034,88.69247124675209,102.89490680323834,73.35529974037323,56.36488268416781
joy,138.23862780137435,112.31519976501991,89.55865999079799,101.54171200031764,69.31810730249349,49.39635614091387
joy,146.80508528903323,124.49918149672276,89.46332514875523,85.571741073568,69.6419413859206,39.05124837953327
joy,146.55549117374107,124.84636692761302,94.65570811535605,87.38144914923826,73.38937252763509,47.16990566028302
joy,135.34398177504858,114.43632621877272,90.68166688158718,82.30537878217496,79.84985911070852,59.941638282582836
joy,136.74968531085375,114.31522680269451,87.4405893697988,82.48759212347912,74.94664769020693,49.4064773081425
joy,126.85870251610461,121.1621358129384,76.95742752749558,83.29844224641607,69.26037828369117,43.18564576337837
joy,120.40643406041858,116.42937181768293,81.41352669776282,84.2903826627032,79.12016177940993,50.24937810560445
joy,128.2199896547072,129.7139135288218,80.46794299608086,77.57234610143291,70.61161377563892,38.01315561749642
joy,139.696080679876,119.39349279879698,83.17423390349623,83.13314624050301,57.271284253105414,31.827660925679098
joy,107.45764707514616,96.4716154090778,71.25932406428677,61.945753191095065,60.74537019394976,41.23105625617661
joy,100.50804465859474,98.98237507971118,74.11146741480405,66.29144675662778,70.22819946431775,48.27007354458868
joy,118.85478397886263,91.87338441737279,74.0323578110693,79.256798056942,56.515484603779164,32.449961479175904
joy,105.8722938253012,91.24454530675726,82.54259983895314,78.43464146566298,75.96051605933177,51.62363799656123
joy,131.7278200311767,118.3532212411504,82.58240870624637,65.80638630945667,65.30696746902278,35.38361202590826
joy,126.117279571665,107.38416933466523,94.53831686139713,91.41469862473386,86.02325267042627,57.982756057296896
joy,132.99124776493946,113.63544692041144,88.89037431662408,88.2229912803999,73.97972695272672,45.0
joy,125.33367024146611,109.21082311292966,78.99515830915803,83.60735873127507,73.24616030891995,41.10960958218893
joy,135.76488096127133,116.26491372101586,82.64801758533181,87.47791019771978,68.00735254367721,46.400431032480725
joy,139.46532373634562,115.72375420758013,76.05710848069656,76.03179156331927,61.98386886924694,35.38361202590826
joy,118.30700613155065,109.88907765647627,86.40837565749146,78.37634508774605,83.16850365372699,55.60575509783138
joy,121.25424490915732,105.16418023144575,82.80701929780386,86.08091953168095,71.84010022264724,43.266615305567875
joy,114.81898867319529,104.72420585237124,88.39685632715256,79.88119926488758,84.86459803710851,58.83026432033091
joy,125.33904431414513,103.78203974883687,73.82921400162226,65.84673993674183,55.97320787662612,33.24154027718932
joy,106.31801452307843,98.99633717046548,85.74255220704958,70.5489019650847,76.53757247260981,48.91829923454004
joy,118.77682657018893,103.26853291743267,81.86132044794978,76.17354897303419,68.06614430096654,33.421549934136806
joy,122.03196537129209,102.23952822784003,87.22460502060308,79.13067068256261,73.79024325749306,48.83646178829912
joy,124.99409125622316,100.81410325935724,81.41439679557546,72.22860131721289,64.53681120105021,35.35533905932738
joy,143.40370035821257,121.05995213742713,79.85698836041598,78.83480183874084,61.40032573203501,39.20459156782532
joy,109.34304867738066,103.94918487700565,69.73853089880025,73.94396552915299,62.369864518050704,36.05551275463989
joy,105.86111832132787,96.1488533019268,76.19255485980766,77.21657926965167,73.53910524340094,49.09175083453431
joy,136.51489493126306,122.43622814397258,81.54445446888825,82.42342714727448,72.44998274671983,43.93176527297759
joy,119.57350700668015,119.04491548750865,91.86795422680973,82.52102341380328,89.15716460273958,57.8013840664737
joy,126.89909111365598,103.47370618665678,73.87829887144308,76.40043103248072,54.12947441089743,32.202484376209235
joy,126.44259441530792,102.03905282796552,76.94875296719002,74.41088233970548,56.293871780150276,34.058772731852805
joy,109.50876995022239,95.3352011470692,80.31675989009753,84.37018163799794,73.68174807915459,46.22769732530488
joy,116.761762823455,99.75655578641519,81.47846958380487,83.64106805209568,64.03124237432849,37.013511046643494
joy,105.03583748076794,88.21637562256713,79.47672192464248,82.47289978616976,75.50496672405067,43.86342439892262
joy,104.32373256328444,98.0366990667498,74.85701257507378,78.97642650361753,65.96969000988257,38.948684188300895
joy,101.8098505145731,86.95166952825409,82.61534519604385,87.20665112249179,86.64871608973787,57.42821606144492
joy,109.06714811448671,99.030655746071,83.44015661510375,82.50836629293772,77.83315488916018,54.91812087098393
joy,121.69305648663324,104.94396930823063,81.31628674137164,69.26506512204438,60.876925020897694,33.97057550292606
joy,119.27947714419555,107.18611201730076,80.38916767695554,78.2677571075127,68.24954212300622,39.6232255123179
joy,118.31442859464732,109.20468381416916,86.26231134570409,80.56135104430842,81.04319835741924,48.27007354458868
joy,105.16616817989956,89.67117327222755,80.25217737136197,73.62964755384937,64.13267497929586,33.97057550292606
joy,146.1196506313148,123.80636306387049,78.15946078094899,68.92134081582677,64.62197768561404,42.01190307520001
joy,139.41997181210277,128.5734506702752,92.23079849451864,83.41601029074982,75.28612089887484,49.8196748283246
joy,127.04589557976503,104.25900314563606,83.25597915014899,79.04079934095691,65.52098900352466,39.698866482558415
joy,112.98193023699125,103.74291626890191,87.94690169743862,78.07141194868703,80.36168241145776,50.32891812864648
joy,122.25289810780971,105.40762716605167,83.19267951213709,79.17855401243753,70.83078426785913,38.897300677553446
neutral,133.91288940935942,112.6945491149079,87.68332919599862,85.22025542953122,64.28841264178172,39.698866482558415
neutral,135.2017761696872,99.98665551372639,91.46848671729478,89.51263386312681,60.728905802755904,39.20459156782532
neutral,133.94291671858974,107.19954491541006,87.36495355511076,90.44883537134322,60.40695324215582,39.05124837953327
neutral,115.62864279167005,99.50236198068045,79.80522836962209,81.94624479632394,51.24451190127583,33.28663395418648
neutral,97.81715194156325,90.24041045576395,62.386831059357355,60.30875404900928,46.61544808322666,29.68164415931166
neutral,96.61786775157557,77.3254109205607,66.73186359762718,74.70446798261594,48.08326112068523,29.732137494637012
neutral,100.41878121634574,89.08993218454106,64.66306580807115,71.55847648058833,39.05124837953327,22.02271554554524
neutral,109.78791079732204,91.43004198617939,59.1681378744504,56.442780557170295,43.01162633521314,28.42534080710379
neutral,121.3263843227393,105.9009148704838,68.8851974553916,77.24924846210617,50.92150822589606,32.01562118716424
neutral,95.98478346684519,77.33189499936498,70.09682371972455,68.77960075127169,51.478150704935004,37.20215047547655
neutral,90.6805248194866,70.8261268908229,66.39687537884234,66.80546074266914,45.31004303683677,31.144823004794873
neutral,101.98630040401741,89.61117529244439,64.78837892374399,61.18471190866022,45.221676218380054,26.870057685088806
neutral,114.15370023243128,100.84396716815715,66.60731756017955,68.88735500312923,48.662100242385755,27.65863337187866
neutral,98.4536264379405,80.6856276280694,65.19749368511427,69.13133233669299,43.01162633521314,29.832867780352597
neutral,140.70437387104863,112.40341819601545,80.35931480306789,83.61468976443985,51.10772935672255,40.607881008493905
neutral,117.19422036546109,101.88552066501626,97.30962814359438,97.18734762512221,74.46475676452586,47.01063709417264
neutral,124.59593236578763,111.60075004906597,88.95571219235697,95.11144776487826,72.3671196055225,45.45327270945405
neutral,142.5490591431606,112.64597808219396,72.24045557179966,77.84797755401678,54.62600113499065,38.01315561749642
neutral,130.76072007567453,120.26637106976146,81.37529039947997,70.6419385958821,59.43904440685432,35.608987629529715
neutral,116.01907881870306,90.95654098137112,73.88862574679274,75.55454187466138,53.85164807134504,36.40054944640259
neutral,112.36889072862687,91.62201617105889,84.3408522313928,91.58219550615584,67.05221845696084,42.5205832509386
neutral,120.40606972272427,93.73122637161524,83.24154027718933,88.35062721693888,57.584720195551874,34.655446902326915
neutral,148.31719476863515,136.13827260122332,81.64939202673372,81.39106386794708,60.166435825965294,40.45985664828782
neutral,145.41805371871442,119.70656211525198,82.95041795991906,84.92823907061322,55.362442142665635,35.35533905932738
neutral,126.63737011367508,99.1518931221716,89.38485764676614,90.38361202590826,72.00694410957877,44.94441010848846
neutral,130.31280399635236,113.93479687517205,80.43877084395587,100.163594184338,60.41522986797286,36.61966684720111
neutral,113.6955279618347,96.76301852876534,84.80605093257924,85.87790004235467,55.65968020030299,34.058772731852805
neutral,115.00897594446894,91.75025850538577,70.3157733152094,76.7582243944511,47.75981574503821,29.068883707497267
neutral,123.73214410595693,98.61001821079395,76.71971537617361,82.46933026295362,54.70831746635972,32.64965543462902
neutral,144.5982057130438,113.27725561527653,80.47697068338314,93.07886552931954,49.39635614091387,32.7566787083184
neutral,126.25237658143851,118.33488081797395,73.87762498283726,84.3055301290326,60.53924347066124,41.036569057366385
neutral,149.36213656394077,128.32365261969224,78.23710480264029,84.97177702179235,64.47480127925948,48.30113870293329
neutral,131.81494490455088,102.14628177653205,73.60014841572928,74.568079030395,61.84658438426491,45.27692569068709
neutral,126.15768317599981,112.86236653541863,73.9362097052377,78.39534674712307,48.08326112068523,27.586228448267445
neutral,124.55916900006746,98.62622784434743,76.02082965545662,79.9099261437155,55.036351623268054,39.66106403010388
neutral,150.06729118750866,114.39219081283022,92.40249408377957,92.55380482288939,65.80273550544841,46.09772228646444
neutral,133.5685271851535,109.84662288382468,74.698484809835,81.82725201815636,55.02726596879042,34.713109915419565
neutral,146.1247091196904,116.51966727797658,96.82462409661827,93.76340182117556,64.88451279003334,46.400431032480725
neutral,121.19860620519353,107.40272039655488,78.92734296706192,73.36138792974745,51.24451190127583,31.827660925679098
neutral,124.33860756474894,103.66682057530663,72.60045871318329,74.23498297920258,54.120236510939236,35.608987629529715
neutral,119.4119372544701,96.71145861470936,73.1110377971174,70.10003125790286,45.35416188179427,27.018512172212592
neutral,124.55328057504556,100.59825238412466,72.60045871318329,66.80441152620634,47.43416490252569,34.20526275297414
neutral,123.77260792952907,100.10099795301679,75.48620100060641,79.55108796811962,49.72926703662542,34.66987164671943
neutral,137.78657751470894,113.5669845929979,77.49745444216947,78.2133526575186,53.14132102234569,33.83784863137726
neutral,130.30400846976954,99.19700520550768,80.16051098279263,84.48187929913334,58.872744118140105,41.048751503547585
neutral,146.87512986748155,118.94535063030466,71.36891937049961,73.84256541723516,59.941638282582836,43.9089968002003
neutral,133.17266427498166,111.44131724105299,81.56666681273163,85.0881590977792,54.3415126767741,31.144823004794873
neutral,111.448127028638,86.18965062541041,73.11431479858774,84.25864548897758,52.81098370604357,33.60059523282288
neutral,128.22671085691945,93.80760624903807,73.8342916370369,72.5674073995303,54.230987451824994,36.61966684720111
neutral,111.18436048601949,90.65131997705399,72.50035392790039,77.2191451646625,52.81098370604357,32.55764119219941
neutral,122.15399448893308,107.33580842893932,86.57831983497933,77.03182887226295,63.60031446463138,42.43819034784589
neutral,127.50384696903835,113.27771743793164,74.45924374258158,83.75535446827035,58.9406481131655,36.235341863986875
neutral,149.04328958978653,121.40812099047606,92.314808180784,99.45226405745896,63.56886030125127,40.45985664828782
neutral,112.74473686947974,94.76703535865386,77.89950191503871,76.88156636217562,52.49761899362675,36.235341863986875
neutral,132.8775571916843,107.98744730586327,79.41913924763934,83.93618821925496,53.31041174104736,36.40054944640259
neutral,121.15875409793978,96.72577963749549,73.06042628361018,77.75702057973606,44.94441010848846,30.0
neutral,143.0900346071777,115.68126895563725,75.51990499455712,81.74263294625047,50.08991914547278,31.827660925679098
neutral,131.85204440461465,110.9187764205843,82.39608682784629,91.34354705164137,57.97413216254298,36.359317925395686
neutral,130.26759729096094,116.86204339731191,81.50125432524393,71.55847648058833,55.65968020030299,36.40054944640259
neutral,136.0234491067046,104.48359695163094,78.57898790732057,77.11458774826588,58.872744118140105,40.22437072223753
neutral,110.41647829718775,95.32886428688445,78.91437198307656,73.0467841665864,59.22837157984339,39.96248240537617
neutral,115.96506070096375,85.8744573600155,83.91676831598974,74.18657877101582,53.16013544000805,34.713109915419565
neutral,140.34881707109167,118.24890888206635,83.25585842321838,91.17543465664224,56.462376853972415,35.35533905932738
neutral,132.76740895105735,114.2920171315707,66.80092076391755,82.43564810181527,47.75981574503821,31.400636936215164
neutral,135.44794335869915,110.13756370235774,91.5130426962593,105.57716955349963,67.4166151627327,52.773099207835045
neutral,155.9659886874693,129.08285504343866,90.98528131384991,86.33138923007243,62.03224967708329,43.01162633521314
neutral,138.1205199885621,116.83964659461199,88.15685418910371,86.11052098448761,65.0,46.14108798023731
neutral,150.3313333065799,123.60336700055738,86.58033295879017,84.62102641890988,58.82176467941097,37.44329045369811
neutral,137.3255819861888,124.30449755135308,74.39086838897289,77.91010600687603,52.630789467763066,32.55764119219941
neutral,129.9488941172115,107.64921197014323,82.54153701784574,79.71982543263788,55.08175741568164,33.94112549695428
neutral,107.64158491289147,90.17929791046933,69.93690861038222,66.11855610980423,50.0,33.24154027718932
neutral,119.9936668251656,90.10167465277098,74.41732680347704,80.80555968949409,53.45091205957107,36.235341863986875
neutral,129.1994780905007,107.82002515993105,78.66323634592665,62.616521166215826,51.66236541235796,32.55764119219941
neutral,131.28944570856027,107.93181768386799,86.05583600591251,85.66006678264728,65.45991139621256,46.04345773288535
neutral,127.63557090832435,107.56165322838001,74.88670793060538,81.81420175507668,55.90169943749474,40.80441152620633
neutral,135.0791153513525,113.22400541708214,81.58792824930599,92.03346842651978,58.872744118140105,41.88078318274385
neutral,145.7914687113874,113.6736353397424,80.89573287268915,81.7818509431124,53.36665625650534,35.4682957019364
neutral,123.44702935184964,97.74958312108446,76.64150997679599,83.74687384424624,59.23681287847955,40.311288741492746
neutral,126.63630924237154,99.83800030353498,72.55288650694025,66.25105223706768,53.45091205957107,34.20526275297414
neutral,134.1747147432934,107.25763813556715,77.64142973610734,74.76824962376837,52.20153254455275,34.828149534535996
neutral,127.22342818680043,114.03885833562501,79.90085297483516,87.43835071544513,61.29437168288782,46.87216658103186
neutral,119.99583573446559,94.50433860959114,77.24254529125932,84.0187375189927,54.62600113499065,39.11521443121589
neutral,125.76211429779895,109.65440940442588,80.11202005385181,90.14266975176109,54.70831746635972,36.359317925395686
neutral,143.69978680728656,121.35973202098667,79.72860681940497,78.48807193953564,60.08327554319921,42.20189569201838
neutral,123.77852806611278,98.94649749727472,86.42281264660764,80.92305702348759,61.1310068623117,40.36087214122113
neutral,114.05170092501362,98.8846232697349,65.85596970918505,73.1540381120411,51.92301994298868,34.48187929913333
neutral,133.44927872467204,113.57247288168689,79.21015754460265,79.08985173320237,66.85057965343307,43.60045871318328
neutral,131.57183566532996,100.14111641737708,77.45731837214828,80.47255792079793,50.59644256269407,35.35533905932738
neutral,111.5386827176874,87.08617824583965,77.37252033009975,83.90677575122884,58.9406481131655,35.4682957019364
neutral,118.52326329774361,96.39973138015574,77.34878159661113,82.34433179776927,52.0,33.94112549695428
neutral,111.40625744202221,96.09653812890701,73.6639027676146,77.28335395519133,51.419840528729765,32.802438933713454
neutral,128.1236903394574,105.60690881227686,75.83213194840799,73.23118842698621,51.86520991955976,32.802438933713454
neutral,131.46094100987486,110.07625183449,77.28445643651196,78.66462150914413,60.63827174318213,38.897300677553446
neutral,106.35482864325449,85.08907007447016,80.95994166321799,78.81794535318393,54.405882034941776,35.805027579936315
neutral,153.61718719032737,122.34758754265398,79.52934893599831,73.07940865405271,44.598206241955516,27.65863337187866
neutral,132.7753854990835,121.46178703379628,87.6894967027223,83.16514945212276,67.62396025078685,48.54894437575342
neutral,129.35360875518188,107.7666611591608,81.12732345547266,85.68892398048209,61.032778078668514,39.698866482558415
sadness,132.843681266324,106.84052031853892,85.48711901456397,81.71362778159691,60.728905802755904,36.796738985948195
sadness,160.90821629070882,118.08373381247367,92.97457323940648,94.92916887269291,57.584720195551874,38.8329756778952
sadness,131.378739982213,114.86598690158658,89.71075955166509,89.80322571321483,62.93647591023825,38.28837943815329
sadness,121.37794473512211,100.7224693678836,77.04816772113142,83.21836110396008,48.38388161361178,30.528675044947494
sadness,117.70854505912469,109.12402830959513,64.754436700439,62.5395148601546,46.61544808322666,30.479501308256342
sadness,101.27811511747649,73.5079068164138,65.74022377204261,70.66202973161973,46.238512086787566,31.827660925679098
sadness,82.7417259494525,72.08170356122484,67.19924407372326,80.60411254458194,51.92301994298868,29.206163733020468
sadness,106.61198040054414,84.11225951703236,65.3801560826873,71.08299904438262,32.55764119219941,18.439088914585774
sadness,111.07275696643158,97.88150729270642,71.90038050185338,70.89802433379839,52.0,35.0
sadness,92.26493433535502,74.80182038184984,68.35856538940136,67.82017271621471,54.120236510939236,40.311288741492746
sadness,82.15090397183255,64.0273632100099,62.77199242377632,64.64952604049239,42.04759208325728,29.068883707497267
sadness,105.2749119435828,94.13446629251592,67.47658918663706,67.2506275844707,47.12748667179272,29.0
sadness,121.95478797572727,112.14288362599001,68.91198803364293,73.80436997497598,49.36598018878993,27.80287754891569
sadness,102.77675753455014,85.03567556634769,68.92823310752102,85.90740584427004,53.25410782277739,45.18849411078001
sadness,122.11635151237256,98.03490204754196,75.63548886987115,74.26011456775433,55.71355310873648,36.40054944640259
sadness,139.45207779437618,134.5341836199362,81.53920378742959,85.02453092820794,67.68308503607086,41.23105625617661
sadness,137.7841742998203,107.17453190727502,75.77559522752236,79.65658792845102,59.07622195096772,46.06517122512408
sadness,129.8970420048707,119.09831105166356,80.03645000133612,70.73723045225677,59.20304046246274,37.64306044943742
sadness,108.42899425697794,88.89626376358606,76.58413489864515,77.70479547511495,54.57105459856901,33.83784863137726
sadness,111.26413336441632,90.13368963585452,87.2304395608316,96.36283701419046,63.60031446463138,39.824615503479755
sadness,137.65172894234507,124.59746998569616,89.32505799742424,98.36427406122911,67.91170738539859,46.09772228646444
sadness,130.6165531424562,108.02084247503831,66.69467318856856,72.95252546610415,45.5411901469428,29.832867780352597
sadness,187.0376202667026,154.37990310159748,79.70561815815336,96.27215218981638,57.245087125446844,43.829214001622255
sadness,146.70381809539782,128.50874707293096,79.98128479309399,88.77973119215383,50.92150822589606,34.9857113690718
sadness,156.55295999043224,141.21324120706993,74.4722246375949,70.29224708315988,65.52098900352466,39.824615503479755
sadness,127.1143961745752,99.89031439681007,86.84961740579554,89.68898519234332,45.60701700396552,24.041630560342615
sadness,127.85431246526284,101.84745792995787,74.65422712353222,78.80723848061936,47.75981574503821,29.732137494637012
sadness,147.59327827008468,115.24576309765719,87.36495355511076,92.53244599466765,65.80273550544841,43.93176527297759
sadness,173.70606560885366,145.8584633242064,101.47617806447403,103.89098422959165,57.245087125446844,31.827660925679098
sadness,121.32897219163733,109.50597184909884,87.2304395608316,86.00541077590951,54.70831746635972,36.89173349139343
sadness,128.1738196709729,107.93026796004315,64.16695779675595,72.35621636880661,52.81098370604357,33.421549934136806
sadness,138.6903862733181,111.53302718815193,72.74376382985015,69.28278628357972,48.83646178829912,27.018512172212592
sadness,140.11595150301622,111.15945822929373,96.62734661436187,103.19001454311652,49.64876634922564,27.730849247724095
sadness,131.13005993872883,102.92402701606775,99.95059236212467,103.29609357883862,50.0,34.40930106817051
sadness,156.5981970191299,142.39738681572857,83.91681438619543,105.49348221434715,48.76474136094644,28.600699292150182
sadness,131.25710958927135,125.52514888432238,66.13372660342849,68.4501198233671,48.75448697299562,33.97057550292606
sadness,115.3105733156899,94.17866557269548,75.94105028852913,81.67077284953811,61.84658438426491,40.8166632639171
sadness,143.5932977870113,133.21961244304103,82.88655932084589,90.56217887037315,51.62363799656123,36.89173349139343
sadness,127.01118556866699,104.74610434122289,68.81507085773544,73.9124319146049,43.32435804486894,29.154759474226502
sadness,133.16023105596378,112.06323155287602,81.97414172261418,84.25906421774911,64.1404708432983,46.400431032480725
sadness,139.03730157640177,117.04486660466809,81.51309587022257,94.15916510055936,61.84658438426491,47.853944456021594
sadness,138.58720967405708,122.0145046599236,81.56136565874804,76.09237429924632,59.93329625508679,45.79301256742124
sadness,147.07124877403348,134.52370943791365,76.87216658103186,77.296161914957,51.264022471905186,34.828149534535996
sadness,140.97997923500185,119.74292710765727,81.46865846316611,104.71625749391121,57.245087125446844,39.824615503479755
sadness,100.6042508807203,78.22710998715809,86.86904495280555,85.97321102227065,53.75872022286245,32.802438933713454
sadness,138.19697839745766,115.24989716463995,67.15792691805038,80.60671962707622,42.37924020083418,28.844410203711913
sadness,137.4290333797793,111.93455834072675,85.98018999870943,102.05382782339052,63.631753079732135,46.32493928760188
sadness,150.3313333065799,123.60336700055738,86.58033295879017,84.62102641890988,58.82176467941097,37.44329045369811
sadness,133.04677952258507,101.62144939226798,72.25455480872604,75.28683886254372,56.515484603779164,32.526911934581186
sadness,131.23906327423313,112.03148351093363,83.97057550292607,81.85125072543488,55.10898293381942,31.89043743820395
sadness,117.36662636435923,100.3393165306804,67.47793869358271,72.7761754766895,50.0,31.827660925679098
sadness,94.70137900000225,79.63753912134786,68.98671153723635,69.05442050961018,50.44799302251776,31.144823004794873
sadness,132.77519840438129,108.83205393722174,88.22271646002919,80.95742129275357,43.965895873961216,27.80287754891569
sadness,139.42599270370187,114.06981862432613,85.8804408017897,91.45265175570123,65.7419196555744,52.478567053607705
sadness,130.01650234792083,116.53125322775765,85.17350548279117,94.07622195096772,83.57032966310472,51.73973328110612
sadness,168.23372366567355,130.4282024521913,82.87987263565559,97.15474646575571,57.584720195551874,38.948684188300895
sadness,134.37978470089243,113.13584138510018,87.20462143929737,100.89016414082731,67.68308503607086,39.824615503479755
sadness,145.40139824532292,117.81675165757498,79.4692376024942,74.75132233884685,51.419840528729765,34.655446902326915
sadness,143.13986782829767,111.50957695791767,77.89950191503871,88.03942421952624,58.872744118140105,39.824615503479755
sadness,130.67427000108347,100.70912618256243,80.15929793816665,90.66477695253283,60.53924347066124,42.190046219457976
sadness,125.37660595577458,101.25489404739791,81.97078714255403,67.86938478736386,51.24451190127583,24.596747752497688
sadness,133.44344527655818,103.52755247876605,71.36891937049961,72.53284103963804,52.20153254455275,31.827660925679098
sadness,132.48740241085764,101.07548078106899,105.0099339960264,105.07366495619951,50.59644256269407,30.4138126514911
sadness,128.51011673135508,98.66339178364981,80.81603374979821,92.14495463521915,56.462376853972415,39.408120990476064
sadness,119.5534634368518,95.80451724938834,85.39949620409836,111.70142307554678,61.61980201201558,58.18934610390462
sadness,151.13877509347185,123.4642784226795,71.63801121065569,79.30176417060181,50.92150822589606,33.421549934136806
sadness,147.3425994310095,120.67484423876788,71.01190307520001,75.66373465796144,50.59644256269407,31.240998703626616
sadness,130.0300500686245,113.37698092466437,84.85729409068827,102.94683494544715,53.45091205957107,37.21558813185679
sadness,130.46435906879847,106.77533066651094,87.76260687115091,79.92768976391793,61.61168720299745,36.796738985948195
sadness,122.90291768819256,101.21186795047342,83.4499614791759,77.51899852669021,64.03124237432849,38.897300677553446
sadness,144.13201632596216,117.6916406443136,70.17078622708645,78.91674936126027,48.76474136094644,32.64965543462902
sadness,131.59694929768185,102.09886669302244,73.03950115772149,85.72507347349142,61.68468205316454,38.948684188300895
sadness,142.83833712245237,124.43522041238845,80.62899866193095,82.28944303348092,65.55150646628954,40.45985664828782
sadness,137.8932632181676,117.76213232869709,78.7814034005537,86.05412083254438,67.4166151627327,42.01190307520001
sadness,122.4309943919427,92.23799720574362,85.83305691582322,85.29342185075335,65.25335240430181,39.6232255123179
sadness,125.31742436348037,96.9310755680321,75.23568231352104,89.97791167882639,52.773099207835045,39.6232255123179
sadness,97.69341520908101,79.52128578785181,96.86179395080455,103.87785749217431,55.65968020030299,37.8021163428716
sadness,101.55410600865488,77.0,96.8950827374635,104.16020274188946,47.38143096192854,25.495097567963924
sadness,119.17469612084207,100.4727642499809,77.21839922716407,82.27441675144452,45.12205669071391,23.345235059857504
sadness,117.26895706239424,97.63889904995459,68.28154074763202,67.21876132139553,51.66236541235796,30.479501308256342
sadness,160.23692182095448,120.71941983645176,77.36801667445998,94.37884547612475,41.14608122288197,30.0
suprise,178.1304692366466,149.9848466265631,91.285311463403,106.95211706767729,79.2464510246358,82.96987405076617
suprise,167.7209372726363,130.36612790759358,93.55026138761528,111.2712579789179,85.56284240252891,93.39164844888434
suprise,189.3630909426364,164.62142987263533,92.91388073365914,104.86803238668863,90.9065454189081,87.92041856133307
suprise,142.39555032365365,121.37799437902555,76.89970229237088,91.11374649712997,62.42595614005443,56.61271941887264
suprise,153.89637714085052,120.70062858463938,62.401897255717316,76.0594294888588,58.05170109479997,57.87054518492115
suprise,111.74045120290911,88.30705218061586,68.04134748752145,88.68483523128404,65.85590330410783,63.245553203367585
suprise,124.86835006250755,117.9799101257615,68.76180004445763,87.0,59.54829972383762,60.63827174318213
suprise,127.94501395531343,97.36356473020706,64.45484464204644,83.86831011095231,67.89698078707183,76.15773105863909
suprise,162.864971045464,149.24092497352763,77.42444974566374,93.97867389580145,74.95331880577403,77.79460135510689
suprise,136.84752458158715,113.17976161145813,70.77071089856031,89.94357779458153,67.26812023536856,70.8801805866774
suprise,112.96102940637547,83.9859241291388,70.28664437727363,81.56015584605876,57.28001396647874,60.166435825965294
suprise,128.43851684441182,112.62111759770735,59.058772731852805,61.668009704371286,44.64302857109943,26.40075756488817
suprise,129.08412608854192,107.17775294611276,70.05570344846717,83.36805429943912,64.81512169239521,68.15423684555495
suprise,153.32046054477541,122.86477704115708,70.08942993037932,99.98186016709364,68.76772498781678,74.95331880577403
suprise,197.2517302201228,153.97337347750494,87.90796049691892,114.91199142398855,84.50443775329198,95.88013350011565
suprise,188.91235005030182,159.19608099299893,99.16541411052552,131.23766600335438,100.41912168506553,107.70329614269008
suprise,185.3180642966555,136.59272546335617,80.82011533527623,101.30680805408241,77.79460135510689,80.95677859203639
suprise,154.8605352086735,123.91208970668762,73.29894352301827,80.30653825943202,62.177166226839255,51.42956348249516
suprise,157.11693237663752,123.28378781446024,86.46743474741217,120.421128950786,86.2670273047588,90.52071586106685
suprise,173.38547663708778,130.83485234775122,88.75900579161726,102.14285388092102,74.95331880577403,77.4919350642375
suprise,171.08023848074478,129.38088948943673,85.5670743149937,101.77344928649626,76.48529270389177,75.02666192761077
suprise,167.72748089113662,129.34448163472453,92.1430690581644,102.60093475108249,81.15417426109393,71.5122367151245
suprise,180.6454134523811,149.55625426123567,90.36691904275128,114.93716022851935,74.09453421137081,68.8839603971781
suprise,164.9002949850615,134.83363363884877,88.15003689314591,98.01744092650678,61.91122676865643,55.90169943749474
suprise,163.76337972587905,116.78862670388358,77.21429874228113,98.90320451385662,66.60330322138685,65.80273550544841
suprise,167.37599289307786,131.5036809803259,78.56859928293613,98.08799319903537,68.6804193347711,72.42237223399962
suprise,185.3815799922139,147.69040093970352,85.59203508459177,114.62227307076917,74.96665925596525,76.90253571892151
suprise,200.47394817432624,158.59205722855774,87.00945475244734,106.89991647138199,80.05623023850174,86.34813257969161
suprise,119.30718133442832,93.11622666512108,74.37284667775391,85.45939460197019,70.45565981523414,61.326992425847855
suprise,170.5877283156554,142.83963839523597,82.55764119219941,97.15379423620041,75.69015788066504,74.0
suprise,133.3066858590107,104.98352986363548,80.05238589831147,93.57502610990997,77.83315488916018,81.27115109311545
suprise,201.79570756244433,152.15560470454577,96.62227381512653,111.37758899211967,84.64632301523794,80.23091673413684
suprise,171.97310398442607,133.1500378305569,74.44772650370737,98.84524523398099,72.86288492778748,74.33034373659252
suprise,191.64790780845897,159.85571880697108,98.89730067755345,102.50095098433817,78.81624198095213,73.92563831310488
suprise,157.66043568399706,133.13753578702963,80.79166776570497,93.23395444165784,72.13875518748573,75.58438992278762
suprise,151.09518734740698,129.42051179904175,78.67896939349689,98.91828478275576,82.73451516749222,91.44397191723465
suprise,166.8134002606767,132.63895321491398,80.9323732005327,92.649361200525,76.48529270389177,81.60882305241266
suprise,156.8326925739447,131.07753038216083,78.60233182103894,81.08321791298265,63.60031446463138,60.166435825965294
suprise,153.04960750800217,118.2647231343351,83.0242749327764,109.76817012447299,86.37129152675674,93.39164844888434
suprise,184.5802922053042,151.4906487524201,88.5270737626725,104.38958695472911,74.96665925596525,75.96051605933177
suprise,171.67062959671614,128.21397039842645,79.99717492081614,100.27995308509368,70.2922470831599,72.73238618387272
suprise,144.43858647588905,111.98491188327549,92.4442366139615,123.16608491924521,82.03657720797473,87.64131445842195
suprise,157.12877952447184,112.21562064900611,79.32891812864648,109.66545227909155,84.17244204607586,90.52071586106685
suprise,180.55337852334787,133.77100917067082,77.16849156173494,94.4254296714416,64.40496875241847,57.584720195551874
suprise,176.85729343408772,154.6312650174661,84.38248058443787,89.55455855119078,69.33974329343886,68.70953354520753
suprise,126.848702604561,88.47643435827634,80.97885796117733,111.54420975705679,75.82216034906945,79.12016177940993
suprise,178.79456427148324,137.65781625626272,103.57996046681859,107.91204277861414,80.4114419718985,51.088159097779204
suprise,167.0679973687931,139.25822396794092,85.59536361690388,103.87489370687499,73.0,80.0812087820857
suprise,148.6949799873761,118.35963526921998,77.63364488299315,101.24146527838174,67.17886572427373,65.80273550544841
suprise,165.10817523728417,138.31832250717437,80.1856223457518,104.68314928154524,70.7248188403477,69.46221994724903
suprise,169.8406187578573,136.63869702242528,85.6873778593335,107.37034929406548,77.10382610480494,71.78439941937245
suprise,138.37222895554967,110.7072327444339,87.3755214868624,113.65410496712835,92.09777413162601,98.08159868191383
suprise,154.0869173158169,115.92433812386517,79.8202899596336,80.75142875196266,62.177166226839255,48.76474136094644
suprise,172.86972165479213,143.2318454942551,77.86093227018488,93.48042898943372,64.40496875241847,65.45991139621256
suprise,190.46628474127374,154.92973782620393,91.285311463403,115.52569434120994,81.32035415564789,82.28000972289685
suprise,138.81063485892017,108.85008521493711,84.04508346071148,87.25321567047999,74.41102068914255,77.4919350642375
suprise,164.88236436612814,133.77260792952907,70.08942993037932,105.19816230751888,74.33034373659252,77.88452991448301
suprise,137.37360551999743,116.4163417296397,67.41295087370793,93.29523031752481,59.81638571495272,53.85164807134504
suprise,167.99128271003158,138.75704934455948,91.3285469359535,113.92154858825083,78.5175139698144,74.04052944165107
suprise,160.176991427334,129.74016532750937,77.92170673236991,104.29821257905667,79.93122043357026,82.56512580987206
suprise,179.1339507168218,149.28394524300603,94.7967389859482,116.39014608975887,77.83315488916018,81.93289937503738
suprise,168.71370003178444,134.23128442758875,71.44965284719007,82.78049716414141,54.91812087098393,53.31041174104736
suprise,120.43603855426554,90.41357545178823,71.62577736605886,85.55819383809474,59.481089431852205,48.33218389437829
suprise,185.9714023459171,155.3762880498449,89.27500137823452,93.3085538154503,74.24957912338628,89.98888820293314
suprise,180.2216784672105,148.95323053122624,90.55714633982166,109.62939604398623,82.97590011563598,86.1278120005379
suprise,169.2821197594286,144.31268920578543,70.52150020903098,90.60934228699938,64.8459713474939,46.647615158762406
suprise,178.07361116693085,147.05580010191198,87.75083234012405,109.12611989868054,73.60027173862879,70.00714249274856
suprise,141.54475236588914,117.4273407872403,85.22423322938411,106.85069886076681,72.11102550927978,64.62197768561404
suprise,194.04300040265406,148.58550158772908,85.62755341849794,109.07057610554492,78.49203781276162,85.61541917201598
suprise,171.67062959671614,134.84449542905594,81.36207647781254,100.73140944790319,77.33692520394123,77.62087348130012
suprise,159.76348488832588,129.29120406440467,86.29775656237703,111.185814998869,83.45058418010026,91.92388155425118
suprise,168.94009217959572,124.46258919153996,87.04599354178845,107.30782618350173,83.40863264674707,97.082439194738
suprise,170.66352356218752,135.18992603979117,81.44161650085456,100.6757338563823,72.83543093852057,74.33034373659252
suprise,172.43097577421747,132.64308092131049,89.39236340375257,100.25462089587816,76.83749084919418,77.83315488916018
suprise,151.4318966287388,114.29160636835192,71.68382662477612,112.87938947479529,80.80222769206304,97.16480844420988
suprise,163.88506125790656,128.93829933344188,78.9098974847215,105.13245239569576,77.83315488916018,84.72307831990054
suprise,165.6947540854267,127.15782231013435,78.58233983592294,99.16159109245876,67.89698078707183,65.19202405202648
suprise,122.66896687106275,96.04869225203481,77.92538321214354,92.86292630037501,60.440052945046304,53.665631459994955
suprise,162.71974978228374,124.35452536481276,86.3393740353979,118.76089082153021,85.9127464349732,98.2700361249552
suprise,129.1081401012678,109.25915718797438,78.94649661566335,89.02246907382428,70.71067811865476,60.83584469702052
suprise,146.41516367357218,108.6322287119059,84.26833357438557,99.58204429134823,73.59347797189639,75.58438992278762
suprise,178.62613803939303,138.78308455800737,85.94039337887575,99.33545123504265,75.69015788066504,83.24061508662703
suprise,174.9063120548762,136.07784133299137,92.04258547036898,97.32673429331386,63.13477647065839,54.12947441089743
suprise,137.80378931293308,95.27875283351491,84.9252898957713,114.64163247808527,90.60905032059435,106.73331251301067
